time,open,high,low,close,volume
2026-01-07 00:00:00,1.5666800000000003,1.5667500000000003,1.566065,1.5664600000000002,485.8600091934204
2026-01-07 00:01:00,1.566465,1.56731,1.566455,1.56731,310.46000611782074
2026-01-07 00:02:00,1.5673000000000001,1.5674200000000003,1.5671500000000003,1.56718,194.6400032043457
2026-01-07 00:03:00,1.5672100000000002,1.5675500000000002,1.56718,1.5674800000000002,251.6000031232834
2026-01-07 00:04:00,1.56746,1.5676700000000001,1.5674200000000003,1.5675400000000002,164.82000243663788
2026-01-07 00:05:00,1.5675500000000002,1.5677350000000003,1.56753,1.56766,103.78000140190125
2026-01-07 00:06:00,1.5676500000000002,1.5676500000000002,1.5675400000000002,1.5675700000000001,176.41000306606293
2026-01-07 00:07:00,1.567555,1.5675750000000002,1.567415,1.567425,121.18000268936157
2026-01-07 00:08:00,1.5674700000000001,1.5676050000000001,1.5674700000000001,1.567565,113.1400021314621
2026-01-07 00:09:00,1.567555,1.5676450000000002,1.5674400000000002,1.5676450000000002,124.41000163555145
2026-01-07 00:10:00,1.5676550000000002,1.5678150000000002,1.5676450000000002,1.567815,130.94000351428986
2026-01-07 00:11:00,1.5678050000000003,1.5680550000000002,1.5678050000000003,1.5679350000000003,398.4300057888031
2026-01-07 00:12:00,1.56793,1.5680650000000003,1.5678450000000002,1.568025,229.74000489711761
2026-01-07 00:13:00,1.568035,1.5680750000000003,1.5678750000000001,1.5678750000000001,49.1100013256073
2026-01-07 00:14:00,1.567885,1.5680200000000002,1.5675350000000001,1.567555,247.71000504493713
2026-01-07 00:15:00,1.5675350000000001,1.5675400000000002,1.5673950000000003,1.567415,101.54000222682953
2026-01-07 00:16:00,1.5674100000000002,1.567425,1.566945,1.566945,242.90000307559967
2026-01-07 00:17:00,1.566945,1.566945,1.566675,1.566675,240.43000447750092
2026-01-07 00:18:00,1.566615,1.5668550000000003,1.566525,1.566815,188.63000357151031
2026-01-07 00:19:00,1.566735,1.5668950000000001,1.5666900000000001,1.566885,102.74000179767609
2026-01-07 00:20:00,1.566875,1.567085,1.56684,1.56684,246.6500037908554
2026-01-07 00:21:00,1.56684,1.5669400000000002,1.56684,1.5669400000000002,76.77000081539154
2026-01-07 00:22:00,1.5669600000000001,1.5672200000000003,1.5669300000000002,1.5671950000000001,130.45000231266022
2026-01-07 00:23:00,1.5672000000000001,1.5672000000000001,1.566875,1.5668950000000001,149.52000260353088
2026-01-07 00:24:00,1.56691,1.5670900000000003,1.5667050000000002,1.5670100000000002,312.8400068283081
2026-01-07 00:25:00,1.5670250000000001,1.56731,1.5670250000000001,1.56717,110.58000159263611
2026-01-07 00:26:00,1.5671750000000002,1.5674700000000001,1.5671750000000002,1.5674700000000001,103.61000204086304
2026-01-07 00:27:00,1.567485,1.5674900000000003,1.5673400000000002,1.5674200000000003,96.42000198364258
2026-01-07 00:28:00,1.5674100000000002,1.5674550000000003,1.567285,1.56731,76.22000110149384
2026-01-07 00:29:00,1.5673050000000002,1.5673050000000002,1.56705,1.5670700000000002,161.39000368118286
2026-01-07 00:30:00,1.5671300000000001,1.56718,1.56682,1.5668600000000001,368.89000725746155
2026-01-07 00:31:00,1.56683,1.5669300000000002,1.566545,1.566595,280.4800052642822
2026-01-07 00:32:00,1.566615,1.5666350000000002,1.5663650000000002,1.5665650000000002,281.420006275177
2026-01-07 00:33:00,1.5665750000000003,1.5668350000000002,1.566545,1.5667650000000002,266.25000512599945
2026-01-07 00:34:00,1.5667750000000003,1.5668250000000001,1.5666950000000002,1.566725,111.01000261306763
2026-01-07 00:35:00,1.5667050000000002,1.566725,1.566545,1.5665650000000002,142.97000312805176
2026-01-07 00:36:00,1.5665750000000003,1.566595,1.566265,1.566345,134.44000279903412
2026-01-07 00:37:00,1.566335,1.5664850000000001,1.566195,1.5662550000000002,168.0900036096573
2026-01-07 00:38:00,1.5662550000000002,1.566265,1.5660150000000002,1.5660700000000003,110.88000166416168
2026-01-07 00:39:00,1.5660850000000002,1.566135,1.565445,1.56549,286.0900044441223
2026-01-07 00:40:00,1.5654950000000003,1.5658750000000001,1.5654250000000003,1.5658750000000001,342.97000455856323
2026-01-07 00:41:00,1.565865,1.5659050000000003,1.5657450000000002,1.5659050000000003,167.37000346183777
2026-01-07 00:42:00,1.565915,1.5659750000000001,1.5657450000000002,1.5658450000000002,189.5300031900406
2026-01-07 00:43:00,1.5658500000000002,1.5658750000000001,1.5656250000000003,1.565645,215.33000326156616
2026-01-07 00:44:00,1.5656700000000001,1.565785,1.5655650000000003,1.565785,170.26000368595123
2026-01-07 00:45:00,1.5657800000000002,1.565985,1.565735,1.5659650000000003,183.6600034236908
2026-01-07 00:46:00,1.565905,1.5659050000000003,1.565785,1.5658850000000002,169.27000319957733
2026-01-07 00:47:00,1.5658950000000003,1.566115,1.565785,1.566065,302.78000593185425
2026-01-07 00:48:00,1.5660850000000002,1.5662250000000002,1.566055,1.5662250000000002,187.39000415802002
2026-01-07 00:49:00,1.5662350000000003,1.566335,1.566115,1.5662350000000003,179.07000267505646
2026-01-07 00:50:00,1.5662250000000002,1.5662250000000002,1.5658050000000001,1.5659200000000002,261.56000447273254
2026-01-07 00:51:00,1.565935,1.5659750000000001,1.5658050000000001,1.565855,230.3300040960312
2026-01-07 00:52:00,1.56583,1.56603,1.5656750000000001,1.56596,399.9800066947937
2026-01-07 00:53:00,1.56597,1.5664900000000002,1.5659550000000002,1.566135,509.9600067138672
2026-01-07 00:54:00,1.5661450000000001,1.5662250000000002,1.5659900000000002,1.56609,825.0400072336197
2026-01-07 00:55:00,1.566055,1.566455,1.56603,1.5663300000000002,315.0300010442734
2026-01-07 00:56:00,1.5663200000000002,1.56644,1.56623,1.566405,188.93000161647797
2026-01-07 00:57:00,1.5664100000000003,1.566535,1.5663850000000001,1.5664600000000002,293.89000022411346
2026-01-07 00:58:00,1.566465,1.56663,1.5664450000000003,1.566465,239.07000362873077
2026-01-07 00:59:00,1.566455,1.5664800000000003,1.5663650000000002,1.5663650000000002,177.3200023174286
2026-01-07 01:00:00,1.566345,1.5663850000000001,1.5661550000000002,1.566205,345.3800069093704
2026-01-07 01:01:00,1.5662150000000001,1.5662600000000002,1.5656250000000003,1.565725,258.0400049686432
2026-01-07 01:02:00,1.5657550000000002,1.5658750000000001,1.5656950000000003,1.5657050000000001,189.7100044488907
2026-01-07 01:03:00,1.565715,1.565855,1.565715,1.5658450000000002,119.25000298023224
2026-01-07 01:04:00,1.5658400000000001,1.566065,1.5658400000000001,1.5660150000000002,165.96000361442566
2026-01-07 01:05:00,1.5660700000000003,1.5663550000000002,1.5659750000000001,1.566345,148.04000186920166
2026-01-07 01:06:00,1.566335,1.5663650000000002,1.56624,1.566255,220.93000292778015
2026-01-07 01:07:00,1.566265,1.566475,1.566265,1.566465,272.9300037622452
2026-01-07 01:08:00,1.566465,1.566465,1.566075,1.566075,176.42000353336334
2026-01-07 01:09:00,1.5660850000000002,1.566245,1.566065,1.566065,305.3500019311905
2026-01-07 01:10:00,1.56607,1.5664900000000002,1.5660600000000002,1.5664900000000002,300.5200037956238
2026-01-07 01:11:00,1.5664900000000002,1.5665900000000001,1.566475,1.56658,119.5300018787384
2026-01-07 01:12:00,1.5665850000000001,1.5667150000000003,1.5665650000000002,1.5665850000000001,159.63000237941742
2026-01-07 01:13:00,1.566595,1.5667150000000003,1.5665650000000002,1.566685,99.23000252246857
2026-01-07 01:14:00,1.5667400000000002,1.566945,1.566725,1.5668100000000003,262.200003862381
2026-01-07 01:15:00,1.5668000000000002,1.56683,1.5666950000000002,1.566815,219.14000165462494
2026-01-07 01:16:00,1.56682,1.5668800000000003,1.566675,1.566685,107.13000166416168
2026-01-07 01:17:00,1.566675,1.5666950000000002,1.5666700000000002,1.5666900000000001,41.21000051498413
2026-01-07 01:18:00,1.566685,1.5666900000000001,1.566605,1.5666550000000001,69.92000126838684
2026-01-07 01:19:00,1.5666800000000003,1.566955,1.5665650000000002,1.5669500000000003,133.63000214099884
2026-01-07 01:20:00,1.566935,1.566955,1.566815,1.5668250000000001,133.0300008058548
2026-01-07 01:21:00,1.5667950000000002,1.5670000000000002,1.56678,1.566815,143.8200023174286
2026-01-07 01:22:00,1.56683,1.5668350000000002,1.5667850000000003,1.566805,83.88000154495239
2026-01-07 01:23:00,1.5668250000000001,1.567065,1.5667650000000002,1.567065,147.67000114917755
2026-01-07 01:24:00,1.567065,1.5673150000000002,1.5670350000000002,1.567295,152.0900024175644
2026-01-07 01:25:00,1.567285,1.56746,1.567155,1.567155,249.7200002670288
2026-01-07 01:26:00,1.5671650000000001,1.5673250000000003,1.5671650000000001,1.567275,60.2300009727478
2026-01-07 01:27:00,1.567275,1.5673750000000002,1.5672550000000003,1.5673650000000001,150.30000138282776
2026-01-07 01:28:00,1.5673750000000002,1.5673850000000003,1.567275,1.567275,181.70000100135803
2026-01-07 01:29:00,1.5673000000000001,1.5673000000000001,1.567205,1.5672300000000001,118.95000088214874
2026-01-07 01:30:00,1.567225,1.56746,1.567225,1.567285,206.62000274658203
2026-01-07 01:31:00,1.5673150000000002,1.5673150000000002,1.56712,1.56712,110.79000115394592
2026-01-07 01:32:00,1.56709,1.5671650000000001,1.56704,1.5670450000000002,85.85000205039978
2026-01-07 01:33:00,1.5670550000000003,1.5670600000000001,1.566935,1.5670250000000001,101.25000095367432
2026-01-07 01:34:00,1.5670250000000001,1.567275,1.5670250000000001,1.567275,60.470000982284546
2026-01-07 01:35:00,1.5672900000000003,1.56746,1.567055,1.5670800000000003,172.63000214099884
2026-01-07 01:36:00,1.5670700000000002,1.5671400000000002,1.5669400000000002,1.56698,113.42000150680542
2026-01-07 01:37:00,1.5669950000000001,1.5670800000000003,1.56699,1.5670450000000002,130.29000103473663
2026-01-07 01:38:00,1.567075,1.567085,1.56695,1.5669750000000002,101.08000004291534
2026-01-07 01:39:00,1.56699,1.5670250000000001,1.566725,1.5667650000000002,131.54000174999237
2026-01-07 01:40:00,1.56677,1.5669150000000003,1.56677,1.5669150000000003,104.80000102519989
2026-01-07 01:41:00,1.5669050000000002,1.566935,1.566805,1.5669250000000001,67.63000166416168
2026-01-07 01:42:00,1.566945,1.566955,1.5668350000000002,1.566865,49.590001463890076
2026-01-07 01:43:00,1.5669050000000002,1.5669250000000001,1.5668950000000001,1.5668950000000001,33.06000077724457
2026-01-07 01:44:00,1.566885,1.567065,1.5667850000000003,1.5670550000000003,96.72000122070312
2026-01-07 01:45:00,1.5670350000000002,1.5673050000000002,1.5670350000000002,1.5673050000000002,138.04000198841095
2026-01-07 01:46:00,1.567335,1.5673850000000003,1.5671650000000001,1.5671750000000002,81.68000209331512
2026-01-07 01:47:00,1.5671850000000003,1.567205,1.567075,1.5671750000000002,69.42000114917755
2026-01-07 01:48:00,1.5671650000000001,1.5674100000000002,1.5671250000000003,1.5673050000000002,130.63000237941742
2026-01-07 01:49:00,1.567295,1.5673050000000002,1.5672200000000003,1.567275,34.88000047206879
2026-01-07 01:50:00,1.567285,1.567335,1.5672100000000002,1.5672100000000002,139.080002784729
2026-01-07 01:51:00,1.5672100000000002,1.567215,1.5670350000000002,1.5671250000000003,172.05000364780426
2026-01-07 01:52:00,1.567135,1.5671650000000001,1.5669250000000001,1.566945,83.8300017118454
2026-01-07 01:53:00,1.566935,1.5670250000000001,1.5668250000000001,1.566945,121.28000295162201
2026-01-07 01:54:00,1.5669250000000001,1.5669250000000001,1.566795,1.5668250000000001,90.89000189304352
2026-01-07 01:55:00,1.5668350000000002,1.5668350000000002,1.5667850000000003,1.5668250000000001,40.780001401901245
2026-01-07 01:56:00,1.566815,1.567075,1.566815,1.567075,198.1400032043457
2026-01-07 01:57:00,1.567085,1.567285,1.567075,1.567275,125.04000198841095
2026-01-07 01:58:00,1.5672750000000002,1.567295,1.5671850000000003,1.5672650000000001,166.23000276088715
2026-01-07 01:59:00,1.567285,1.5673050000000002,1.56718,1.56719,193.1300004720688
2026-01-07 02:00:00,1.5672000000000001,1.5672000000000001,1.566945,1.5669650000000002,199.130002617836
2026-01-07 02:01:00,1.5669750000000002,1.567085,1.566955,1.5669650000000002,166.38000118732452
2026-01-07 02:02:00,1.566945,1.5669600000000001,1.566675,1.5667050000000002,137.34000182151794
2026-01-07 02:03:00,1.566725,1.566815,1.566725,1.566805,106.02000176906586
2026-01-07 02:04:00,1.566815,1.5668200000000003,1.5666550000000001,1.566665,73.93000149726868
2026-01-07 02:05:00,1.566675,1.566935,1.5666450000000003,1.56692,193.6800036430359
2026-01-07 02:06:00,1.5669250000000001,1.566935,1.566665,1.5666700000000002,218.7300010919571
2026-01-07 02:07:00,1.56663,1.5667050000000002,1.56656,1.566675,104.35000240802765
2026-01-07 02:08:00,1.566685,1.566685,1.56663,1.566665,37.92000102996826
2026-01-07 02:09:00,1.5666950000000002,1.566795,1.566665,1.5666800000000003,73.74000072479248
2026-01-07 02:10:00,1.566715,1.566865,1.5666950000000002,1.566865,149.7400027513504
2026-01-07 02:11:00,1.5668800000000003,1.5670950000000001,1.5668800000000003,1.5670950000000001,210.04000079631805
2026-01-07 02:12:00,1.567075,1.567085,1.566815,1.56682,107.15000116825104
2026-01-07 02:13:00,1.5668250000000001,1.56692,1.5667650000000002,1.5668250000000001,70.27000117301941
2026-01-07 02:14:00,1.566795,1.5669150000000003,1.5667650000000002,1.5669050000000002,96.12000167369843
2026-01-07 02:15:00,1.5668950000000001,1.5669150000000003,1.5668250000000001,1.5668350000000002,33.92000079154968
2026-01-07 02:16:00,1.5668250000000001,1.5668350000000002,1.566805,1.566805,22.940000534057617
2026-01-07 02:17:00,1.566815,1.5668250000000001,1.566675,1.566685,48.600000739097595
2026-01-07 02:18:00,1.5666950000000002,1.5668350000000002,1.566675,1.5667650000000002,91.05000138282776
2026-01-07 02:19:00,1.5667650000000002,1.5667900000000001,1.5665750000000003,1.566675,199.40000224113464
2026-01-07 02:20:00,1.5666950000000002,1.566815,1.566685,1.566815,72.28000116348267
2026-01-07 02:21:00,1.5668250000000001,1.5670700000000002,1.566815,1.5670650000000002,118.14000153541565
2026-01-07 02:22:00,1.5670600000000001,1.5671700000000002,1.5670200000000003,1.567155,145.24000012874603
2026-01-07 02:23:00,1.5671400000000002,1.56719,1.56705,1.567185,162.47000169754028
2026-01-07 02:24:00,1.56718,1.56719,1.567065,1.567065,50.36000061035156
2026-01-07 02:25:00,1.567075,1.5670950000000001,1.566935,1.567015,76.82000184059143
2026-01-07 02:26:00,1.5669950000000001,1.5670250000000001,1.5669650000000002,1.567015,38.8800014257431
2026-01-07 02:27:00,1.5670550000000003,1.5672650000000001,1.5670350000000002,1.5672550000000003,79.70000183582306
2026-01-07 02:28:00,1.5672650000000001,1.567275,1.567215,1.5672650000000001,38.600000739097595
2026-01-07 02:29:00,1.5672550000000003,1.567275,1.567205,1.567205,68.23000156879425
2026-01-07 02:30:00,1.5671850000000003,1.567205,1.567085,1.5670950000000001,94.07000195980072
2026-01-07 02:31:00,1.5671150000000003,1.567145,1.566955,1.56697,153.84000301361084
2026-01-07 02:32:00,1.5669750000000002,1.567065,1.566935,1.5669750000000002,182.84000170230865
2026-01-07 02:33:00,1.566955,1.5672550000000003,1.566955,1.5672550000000003,114.24000155925751
2026-01-07 02:34:00,1.5672650000000001,1.5673150000000002,1.5671750000000002,1.5671750000000002,114.79000186920166
2026-01-07 02:35:00,1.5671850000000003,1.567225,1.5671750000000002,1.5671750000000002,47.000001311302185
2026-01-07 02:36:00,1.5671650000000001,1.56718,1.5671650000000001,1.5671650000000001,8.120000123977661
2026-01-07 02:37:00,1.56719,1.567215,1.5671650000000001,1.5671650000000001,38.480000734329224
2026-01-07 02:38:00,1.56719,1.56719,1.5670800000000003,1.5671250000000003,66.24000024795532
2026-01-07 02:39:00,1.567135,1.567135,1.5671250000000003,1.567135,10.910000205039978
2026-01-07 02:40:00,1.5671250000000003,1.5671250000000003,1.56699,1.56705,61.80000162124634
2026-01-07 02:41:00,1.5670600000000001,1.5670600000000001,1.5669600000000001,1.5669750000000002,29.410000562667847
2026-01-07 02:42:00,1.566945,1.5670350000000002,1.566935,1.5670350000000002,32.290000677108765
2026-01-07 02:43:00,1.5670200000000003,1.5670200000000003,1.566885,1.566935,90.02000212669373
2026-01-07 02:44:00,1.5669250000000001,1.566955,1.56685,1.5669050000000002,70.81000137329102
2026-01-07 02:45:00,1.5669250000000001,1.5670800000000003,1.5669050000000002,1.5670550000000003,54.36000072956085
2026-01-07 02:46:00,1.5670450000000002,1.5671250000000003,1.5670450000000002,1.5671,66.910001039505
2026-01-07 02:47:00,1.5671150000000003,1.5672550000000003,1.5671150000000003,1.56718,112.69000244140625
2026-01-07 02:48:00,1.56717,1.5671850000000003,1.5670900000000003,1.5671650000000001,53.940000891685486
2026-01-07 02:49:00,1.5671650000000001,1.5671650000000001,1.5670450000000002,1.5670600000000001,42.950000643730164
2026-01-07 02:50:00,1.5670700000000002,1.5670700000000002,1.5669750000000002,1.56699,74.05000174045563
2026-01-07 02:51:00,1.56698,1.5670600000000001,1.56698,1.5670300000000001,68.72000098228455
2026-01-07 02:52:00,1.5670300000000001,1.5670600000000001,1.5670100000000002,1.56704,18.020000457763672
2026-01-07 02:53:00,1.5670250000000001,1.5671000000000002,1.5670200000000003,1.5670800000000003,50.81000077724457
2026-01-07 02:54:00,1.56711,1.56716,1.5670200000000003,1.567075,84.76000082492828
2026-01-07 02:55:00,1.567085,1.56716,1.5669,1.5669,172.15000104904175
2026-01-07 02:56:00,1.56691,1.56692,1.56665,1.5667400000000002,139.86000216007233
2026-01-07 02:57:00,1.5667300000000002,1.5667300000000002,1.5664500000000001,1.5665250000000002,255.74000465869904
2026-01-07 02:58:00,1.5665300000000002,1.5667550000000001,1.5665300000000002,1.566665,136.8300018310547
2026-01-07 02:59:00,1.5666800000000003,1.5666800000000003,1.566445,1.5664700000000003,116.38000202178955
2026-01-07 03:00:00,1.5664850000000001,1.5665400000000003,1.56616,1.56617,266.75000381469727
2026-01-07 03:01:00,1.56617,1.566175,1.565905,1.565925,243.42999923229218
2026-01-07 03:02:00,1.565935,1.5660150000000002,1.5658950000000003,1.5659550000000002,110.77000188827515
2026-01-07 03:03:00,1.5659500000000002,1.566065,1.565925,1.565925,59.29000103473663
2026-01-07 03:04:00,1.5659550000000002,1.56623,1.5659450000000001,1.5662000000000003,256.430003285408
2026-01-07 03:05:00,1.5661900000000002,1.5661950000000002,1.5660600000000002,1.5660700000000003,105.39000117778778
2026-01-07 03:06:00,1.5660700000000003,1.566265,1.5660700000000003,1.566195,98.71000170707703
2026-01-07 03:07:00,1.5661750000000003,1.5662100000000003,1.566055,1.566075,144.73000288009644
2026-01-07 03:08:00,1.5660950000000002,1.566265,1.566065,1.5662550000000002,56.32000172138214
2026-01-07 03:09:00,1.566265,1.5662950000000002,1.566055,1.566065,73.74000096321106
2026-01-07 03:10:00,1.566055,1.566185,1.566035,1.566185,94.80000174045563
2026-01-07 03:11:00,1.566195,1.56631,1.566195,1.56631,67.48000144958496
2026-01-07 03:12:00,1.5663150000000001,1.566335,1.566075,1.566275,70.44000113010406
2026-01-07 03:13:00,1.5662500000000001,1.566345,1.5662150000000001,1.566345,40.05000078678131
2026-01-07 03:14:00,1.566325,1.566325,1.5661750000000003,1.566265,68.87000155448914
2026-01-07 03:15:00,1.566275,1.5662850000000001,1.5662250000000002,1.5662350000000003,37.26000130176544
2026-01-07 03:16:00,1.566275,1.5664350000000002,1.566275,1.566325,98.77000164985657
2026-01-07 03:17:00,1.5663300000000002,1.5663300000000002,1.56623,1.566255,56.5400013923645
2026-01-07 03:18:00,1.566265,1.566265,1.5660450000000001,1.566055,64.66000139713287
2026-01-07 03:19:00,1.5660850000000002,1.5662000000000003,1.566055,1.5661800000000001,167.520001411438
2026-01-07 03:20:00,1.5661800000000001,1.5661900000000002,1.5661500000000002,1.5661900000000002,32.570000767707825
2026-01-07 03:21:00,1.5661850000000002,1.5662150000000001,1.5661100000000001,1.5661100000000001,73.32000088691711
2026-01-07 03:22:00,1.5660850000000002,1.5662250000000002,1.566075,1.5661750000000003,88.24000108242035
2026-01-07 03:23:00,1.5661200000000002,1.566135,1.5660350000000003,1.566055,56.51000118255615
2026-01-07 03:24:00,1.5660450000000001,1.566125,1.5660450000000001,1.566125,21.71000051498413
2026-01-07 03:25:00,1.5661500000000002,1.5661750000000003,1.5660800000000001,1.5660850000000002,70.26000118255615
2026-01-07 03:26:00,1.5661050000000003,1.5662250000000002,1.5660850000000002,1.566115,101.17000150680542
2026-01-07 03:27:00,1.5661050000000003,1.566125,1.5660250000000002,1.5660250000000002,87.14000129699707
2026-01-07 03:28:00,1.5660350000000003,1.5660950000000002,1.566005,1.566005,99.10000169277191
2026-01-07 03:29:00,1.5659750000000001,1.565985,1.565795,1.5658250000000002,138.77000212669373
2026-01-07 03:30:00,1.565845,1.5659450000000001,1.5656950000000003,1.565845,163.37000274658203
2026-01-07 03:31:00,1.565865,1.565865,1.5657450000000002,1.5657450000000002,36.68000030517578
2026-01-07 03:32:00,1.565735,1.565735,1.5655650000000003,1.5655750000000002,173.5500020980835
2026-01-07 03:33:00,1.5655750000000002,1.5655750000000002,1.5652650000000001,1.5653650000000001,254.85000324249268
2026-01-07 03:34:00,1.565375,1.565375,1.5651300000000001,1.5652650000000001,139.2900015115738
2026-01-07 03:35:00,1.5652750000000002,1.56528,1.5650850000000003,1.56509,240.63000321388245
2026-01-07 03:36:00,1.56509,1.565255,1.56509,1.565235,94.98000144958496
2026-01-07 03:37:00,1.5652150000000002,1.5652650000000001,1.565105,1.5652650000000001,141.55000340938568
2026-01-07 03:38:00,1.565245,1.5652750000000002,1.565125,1.5651450000000002,129.62000155448914
2026-01-07 03:39:00,1.5651650000000001,1.565235,1.5651350000000002,1.5651450000000002,62.350000739097595
2026-01-07 03:40:00,1.5651900000000003,1.5653000000000001,1.5651550000000003,1.5652750000000002,158.77000212669373
2026-01-07 03:41:00,1.5652750000000002,1.5654050000000002,1.56527,1.5653800000000002,76.31000173091888
2026-01-07 03:42:00,1.5653800000000002,1.56539,1.5653800000000002,1.56539,45.80000030994415
2026-01-07 03:43:00,1.56539,1.565505,1.56539,1.565495,97.30000150203705
2026-01-07 03:44:00,1.5654850000000002,1.565525,1.5654850000000002,1.565525,34.160000801086426
2026-01-07 03:45:00,1.565505,1.565665,1.565505,1.565665,82.65000128746033
2026-01-07 03:46:00,1.56566,1.5657,1.565595,1.565595,108.93000149726868
2026-01-07 03:47:00,1.5656050000000001,1.5656050000000001,1.5654600000000003,1.5655200000000002,75.23000085353851
2026-01-07 03:48:00,1.565495,1.565495,1.5652750000000002,1.56528,83.64000141620636
2026-01-07 03:49:00,1.5652650000000001,1.56528,1.5651450000000002,1.56528,100.9800009727478
2026-01-07 03:50:00,1.5652750000000002,1.5655000000000001,1.5652600000000003,1.565495,89.26000118255615
2026-01-07 03:51:00,1.565495,1.565515,1.56549,1.565505,65.96000051498413
2026-01-07 03:52:00,1.565515,1.565525,1.5654950000000003,1.565525,26.000000596046448
2026-01-07 03:53:00,1.565505,1.5656,1.5654850000000002,1.5655650000000003,57.27000117301941
2026-01-07 03:54:00,1.5655700000000001,1.5656000000000003,1.5654250000000003,1.5655550000000003,100.96000182628632
2026-01-07 03:55:00,1.5655450000000002,1.5655550000000003,1.5654850000000002,1.565505,53.840001583099365
2026-01-07 03:56:00,1.5654850000000002,1.565515,1.565465,1.5654850000000002,25.010000467300415
2026-01-07 03:57:00,1.56549,1.5655450000000002,1.5654750000000002,1.5655350000000001,56.2000013589859
2026-01-07 03:58:00,1.565525,1.56555,1.5654150000000002,1.5654350000000001,92.70000171661377
2026-01-07 03:59:00,1.565445,1.565645,1.565445,1.5656250000000003,81.960000872612
2026-01-07 04:00:00,1.5656500000000002,1.565665,1.5654850000000002,1.565495,74.63000082969666
2026-01-07 04:01:00,1.5654850000000002,1.565525,1.5654750000000002,1.5654750000000002,43.32000029087067
2026-01-07 04:02:00,1.5654950000000003,1.5654950000000003,1.5652950000000003,1.5652950000000003,78.82000148296356
2026-01-07 04:03:00,1.565305,1.565375,1.565255,1.5652750000000002,96.57000184059143
2026-01-07 04:04:00,1.565255,1.5652850000000003,1.565235,1.5652750000000002,54.65000116825104
2026-01-07 04:05:00,1.56526,1.5654950000000003,1.565255,1.5654850000000002,58.850000977516174
2026-01-07 04:06:00,1.5654400000000002,1.5654850000000002,1.565385,1.565465,72.45000100135803
2026-01-07 04:07:00,1.5654750000000002,1.5654750000000002,1.565385,1.5654150000000002,67.12000119686127
2026-01-07 04:08:00,1.5654150000000002,1.5654150000000002,1.5651650000000001,1.5652250000000003,90.81000196933746
2026-01-07 04:09:00,1.5652050000000002,1.565385,1.565185,1.565375,105.2100019454956
2026-01-07 04:10:00,1.565385,1.565445,1.565375,1.5654350000000001,40.77000153064728
2026-01-07 04:11:00,1.5655700000000001,1.5656250000000003,1.565565,1.5656250000000003,77.48000133037567
2026-01-07 04:12:00,1.5656350000000003,1.5656350000000003,1.5656150000000002,1.5656150000000002,15.62000036239624
2026-01-07 04:13:00,1.5656250000000003,1.5656350000000003,1.5655650000000003,1.5656150000000002,28.950000762939453
2026-01-07 04:14:00,1.5656250000000003,1.5656250000000003,1.565465,1.5654750000000002,116.55000150203705
2026-01-07 04:15:00,1.565515,1.5655650000000003,1.5655000000000001,1.565515,134.19000148773193
2026-01-07 04:16:00,1.5655050000000001,1.5655050000000001,1.5653450000000002,1.5654850000000002,134.29000222682953
2026-01-07 04:17:00,1.5654750000000002,1.565515,1.56535,1.5654850000000002,315.07000505924225
2026-01-07 04:18:00,1.565465,1.5656250000000003,1.565395,1.5654850000000002,143.6500028371811
2026-01-07 04:19:00,1.5654750000000002,1.5656950000000003,1.565455,1.5656050000000001,115.09000217914581
2026-01-07 04:20:00,1.565585,1.5656850000000002,1.5655350000000001,1.5656500000000002,139.48000168800354
2026-01-07 04:21:00,1.5656150000000002,1.5656600000000003,1.565525,1.5655550000000003,134.33000206947327
2026-01-07 04:22:00,1.5655650000000003,1.56563,1.5655650000000003,1.565595,138.60000264644623
2026-01-07 04:23:00,1.565575,1.5655750000000002,1.5653650000000001,1.5654600000000003,144.3000019788742
2026-01-07 04:24:00,1.565465,1.5654700000000001,1.56541,1.565455,76.00000071525574
2026-01-07 04:25:00,1.5654700000000001,1.56563,1.565465,1.5656100000000002,121.09000170230865
2026-01-07 04:26:00,1.5656250000000003,1.5657100000000002,1.565595,1.56562,107.59000205993652
2026-01-07 04:27:00,1.5656050000000001,1.565645,1.5655650000000003,1.5656150000000002,110.06000244617462
2026-01-07 04:28:00,1.5656350000000003,1.5656350000000003,1.5654350000000001,1.5655800000000002,132.89000248908997
2026-01-07 04:29:00,1.56563,1.5657,1.5656,1.5657,78.92000198364258
2026-01-07 04:30:00,1.5657050000000001,1.565715,1.565465,1.5654750000000002,115.32000148296356
2026-01-07 04:31:00,1.565515,1.56563,1.5654700000000001,1.5656100000000002,88.7100020647049
2026-01-07 04:32:00,1.5656250000000003,1.5657,1.565575,1.5657,108.60000157356262
2026-01-07 04:33:00,1.5657100000000002,1.5658150000000002,1.565665,1.5658150000000002,42.84000074863434
2026-01-07 04:34:00,1.56582,1.5658400000000001,1.5657650000000003,1.56582,87.06000101566315
2026-01-07 04:35:00,1.5658250000000002,1.56583,1.5656100000000002,1.5656100000000002,78.66000163555145
2026-01-07 04:36:00,1.565645,1.5657300000000003,1.565585,1.5657100000000002,95.15000200271606
2026-01-07 04:37:00,1.565725,1.5658050000000001,1.565725,1.56575,89.36000108718872
2026-01-07 04:38:00,1.5658150000000002,1.56582,1.565735,1.56575,50.89000070095062
2026-01-07 04:39:00,1.56577,1.56577,1.565725,1.5657400000000001,39.75000071525574
2026-01-07 04:40:00,1.565735,1.565735,1.565655,1.5657050000000001,52.970001101493835
2026-01-07 04:41:00,1.565715,1.565715,1.5657050000000001,1.5657050000000001,4.890000104904175
2026-01-07 04:42:00,1.565715,1.565735,1.565715,1.5657200000000002,18.12000060081482
2026-01-07 04:43:00,1.565715,1.565715,1.5654750000000002,1.56549,87.14000129699707
2026-01-07 04:44:00,1.565495,1.5655650000000003,1.5654050000000002,1.5654750000000002,183.03000330924988
2026-01-07 04:45:00,1.5654850000000002,1.5654850000000002,1.5654050000000002,1.5654250000000003,77.78000152111053
2026-01-07 04:46:00,1.5654150000000002,1.565455,1.5653650000000001,1.56542,139.72000110149384
2026-01-07 04:47:00,1.56543,1.5654750000000002,1.565395,1.5654350000000001,132.27999925613403
2026-01-07 04:48:00,1.56546,1.5654750000000002,1.565255,1.5652950000000003,182.27000176906586
2026-01-07 04:49:00,1.5652850000000003,1.5654750000000002,1.5652850000000003,1.565465,151.67000317573547
2026-01-07 04:50:00,1.5654750000000002,1.5654750000000002,1.56539,1.5654250000000003,85.52000141143799
2026-01-07 04:51:00,1.5654150000000002,1.5654150000000002,1.565245,1.565305,128.1600022315979
2026-01-07 04:52:00,1.5652850000000003,1.5653650000000001,1.565115,1.565175,115.98000192642212
2026-01-07 04:53:00,1.5651950000000001,1.5652750000000002,1.5651650000000001,1.565235,59.690000891685486
2026-01-07 04:54:00,1.565245,1.565315,1.5652250000000003,1.5653000000000001,75.47000062465668
2026-01-07 04:55:00,1.56529,1.5654250000000003,1.56527,1.565395,250.7100009918213
2026-01-07 04:56:00,1.565385,1.5654400000000002,1.5653650000000001,1.5653650000000001,83.88999927043915
2026-01-07 04:57:00,1.5653450000000002,1.5654350000000001,1.5653450000000002,1.5654250000000003,47.320001006126404
2026-01-07 04:58:00,1.5654350000000001,1.5655000000000001,1.5653450000000002,1.565375,114.91000235080719
2026-01-07 04:59:00,1.565385,1.5654150000000002,1.56536,1.5654050000000002,66.17000114917755
2026-01-07 05:00:00,1.565395,1.5654150000000002,1.565115,1.5652150000000002,93.72000217437744
2026-01-07 05:01:00,1.565225,1.565225,1.565125,1.5651450000000002,82.4900016784668
2026-01-07 05:02:00,1.5651650000000001,1.56522,1.564835,1.5648650000000002,189.31000196933746
2026-01-07 05:03:00,1.564855,1.564855,1.5646200000000001,1.564625,118.11000049114227
2026-01-07 05:04:00,1.564635,1.5646750000000003,1.56448,1.5644850000000001,112.57000267505646
2026-01-07 05:05:00,1.5644900000000002,1.5644900000000002,1.564105,1.5642750000000003,475.2600061893463
2026-01-07 05:06:00,1.5643150000000001,1.564575,1.564305,1.5645550000000001,261.04000198841095
2026-01-07 05:07:00,1.5645350000000002,1.5647350000000002,1.56453,1.5647350000000002,160.12000155448914
2026-01-07 05:08:00,1.56475,1.5649800000000003,1.56475,1.5648750000000002,222.49000370502472
2026-01-07 05:09:00,1.5648700000000002,1.5648850000000003,1.5647350000000002,1.564765,148.26000142097473
2026-01-07 05:10:00,1.564775,1.564785,1.5646050000000002,1.5646150000000003,37.4800009727478
2026-01-07 05:11:00,1.564625,1.5647250000000001,1.56461,1.564705,63.60000157356262
2026-01-07 05:12:00,1.5646650000000002,1.56474,1.564575,1.5646650000000002,119.49000191688538
2026-01-07 05:13:00,1.5646600000000002,1.5646600000000002,1.564505,1.564515,46.910001039505005
2026-01-07 05:14:00,1.5645250000000002,1.564765,1.5645250000000002,1.564765,49.05000138282776
2026-01-07 05:15:00,1.5647450000000003,1.5648750000000002,1.56473,1.5648750000000002,89.58000195026398
2026-01-07 05:16:00,1.564855,1.564975,1.564855,1.564975,53.440000772476196
2026-01-07 05:17:00,1.5649550000000003,1.5649550000000003,1.5648250000000001,1.56487,43.34000051021576
2026-01-07 05:18:00,1.56487,1.5649100000000002,1.564855,1.56488,84.10000014305115
2026-01-07 05:19:00,1.56488,1.5648950000000001,1.564775,1.564895,48.54000103473663
2026-01-07 05:20:00,1.564905,1.564905,1.5644250000000002,1.5644250000000002,132.29000163078308
2026-01-07 05:21:00,1.5644150000000001,1.564565,1.5644150000000001,1.564505,98.55000150203705
2026-01-07 05:22:00,1.5644750000000003,1.5644750000000003,1.564295,1.564295,84.09000158309937
2026-01-07 05:23:00,1.564305,1.5643150000000001,1.5641450000000001,1.5642650000000002,91.14000165462494
2026-01-07 05:24:00,1.5642550000000002,1.564305,1.5642550000000002,1.56427,54.59000015258789
2026-01-07 05:25:00,1.5642800000000001,1.5643150000000001,1.5642800000000001,1.564285,35.06000077724457
2026-01-07 05:26:00,1.564285,1.5642850000000001,1.5640750000000003,1.5640850000000002,93.02000057697296
2026-01-07 05:27:00,1.564075,1.564295,1.56407,1.564175,115.5800005197525
2026-01-07 05:28:00,1.56417,1.5642,1.5641350000000003,1.564165,40.84000062942505
2026-01-07 05:29:00,1.564155,1.564175,1.5641450000000001,1.564175,31.630000710487366
2026-01-07 05:30:00,1.56421,1.5643150000000001,1.5640450000000001,1.564245,220.98000276088715
2026-01-07 05:31:00,1.564235,1.564235,1.564025,1.5640750000000003,132.8200021982193
2026-01-07 05:32:00,1.5641000000000003,1.5642,1.5641000000000003,1.5641700000000003,69.36000096797943
2026-01-07 05:33:00,1.5641800000000001,1.56421,1.56414,1.5641600000000002,33.80000019073486
2026-01-07 05:34:00,1.5641600000000002,1.5641850000000002,1.563955,1.5641250000000002,161.18000209331512
2026-01-07 05:35:00,1.5641350000000003,1.564355,1.5641350000000003,1.5643250000000002,65.77000117301941
2026-01-07 05:36:00,1.5643250000000002,1.56465,1.5643150000000001,1.5645850000000001,207.2200025320053
2026-01-07 05:37:00,1.56461,1.56461,1.5643900000000002,1.5644200000000001,65.07000172138214
2026-01-07 05:38:00,1.56441,1.564565,1.5643950000000002,1.564565,62.14000105857849
2026-01-07 05:39:00,1.5645800000000003,1.5645800000000003,1.564505,1.56453,50.25000059604645
2026-01-07 05:40:00,1.5645200000000001,1.5645350000000002,1.5643900000000002,1.5644150000000003,36.29000103473663
2026-01-07 05:41:00,1.564435,1.56453,1.564375,1.564375,58.1500004529953
2026-01-07 05:42:00,1.56439,1.5643900000000002,1.5641850000000002,1.5642500000000001,142.12000226974487
2026-01-07 05:43:00,1.564245,1.5642750000000003,1.564245,1.56427,32.40000057220459
2026-01-07 05:44:00,1.5642750000000003,1.5642750000000003,1.5642400000000003,1.5642550000000002,16.050000429153442
2026-01-07 05:45:00,1.5642550000000002,1.56427,1.5640450000000001,1.5641500000000002,151.17000329494476
2026-01-07 05:46:00,1.564165,1.5642500000000001,1.5641350000000003,1.5642500000000001,69.20000112056732
2026-01-07 05:47:00,1.564245,1.5643900000000002,1.564245,1.5642800000000001,43.92000067234039
2026-01-07 05:48:00,1.5642650000000002,1.5643150000000001,1.564235,1.5642800000000001,46.45000088214874
2026-01-07 05:49:00,1.5642650000000002,1.5642650000000002,1.564095,1.56412,58.38000154495239
2026-01-07 05:50:00,1.5641250000000002,1.5642,1.56407,1.5641700000000003,66.59000146389008
2026-01-07 05:51:00,1.5641850000000002,1.5641850000000002,1.564065,1.5641250000000002,81.0100005865097
2026-01-07 05:52:00,1.56412,1.5645250000000002,1.56412,1.5643500000000001,128.00000262260437
2026-01-07 05:53:00,1.564365,1.5644550000000002,1.5642750000000003,1.5642750000000003,87.52000200748444
2026-01-07 05:54:00,1.5642900000000002,1.564305,1.56406,1.5640750000000003,77.07000184059143
2026-01-07 05:55:00,1.564085,1.5641850000000002,1.5639100000000001,1.5639150000000002,154.1200020313263
2026-01-07 05:56:00,1.5639150000000002,1.5639800000000001,1.5637250000000003,1.56377,159.58000266551971
2026-01-07 05:57:00,1.563825,1.5638650000000003,1.563675,1.5637750000000001,73.30000150203705
2026-01-07 05:58:00,1.5637150000000002,1.56386,1.5637,1.5638300000000003,113.02000212669373
2026-01-07 05:59:00,1.56385,1.563965,1.5638450000000002,1.56387,100.82000195980072
2026-01-07 06:00:00,1.563885,1.5639250000000002,1.5635750000000002,1.5636800000000002,218.0900033712387
2026-01-07 06:01:00,1.5636700000000001,1.5637150000000002,1.5635150000000002,1.5636650000000003,127.93000185489655
2026-01-07 06:02:00,1.5636450000000002,1.563885,1.56352,1.563885,201.2400039434433
2026-01-07 06:03:00,1.5638800000000002,1.5638800000000002,1.5637400000000001,1.5637850000000002,133.44000220298767
2026-01-07 06:04:00,1.5638050000000001,1.56393,1.5637400000000001,1.5637400000000001,142.0600028038025
2026-01-07 06:05:00,1.5637500000000002,1.563755,1.56359,1.563735,152.65000236034393
2026-01-07 06:06:00,1.5637400000000001,1.5637500000000002,1.5636100000000002,1.5636700000000001,84.9100011587143
2026-01-07 06:07:00,1.5636750000000001,1.5636750000000001,1.563405,1.5635950000000003,184.57000303268433
2026-01-07 06:08:00,1.5636100000000002,1.5636100000000002,1.5634650000000003,1.56351,107.71000123023987
2026-01-07 06:09:00,1.56353,1.5637050000000001,1.5635050000000001,1.5637050000000001,112.65000212192535
2026-01-07 06:10:00,1.5637400000000001,1.563885,1.5634200000000003,1.5634200000000003,206.21000254154205
2026-01-07 06:11:00,1.5634550000000003,1.5635050000000001,1.5633250000000003,1.563415,191.0900024175644
2026-01-07 06:12:00,1.563415,1.5634400000000002,1.5632700000000002,1.563415,116.60000228881836
2026-01-07 06:13:00,1.563405,1.563405,1.5632700000000002,1.5632800000000002,94.00000178813934
2026-01-07 06:14:00,1.5632700000000002,1.5635450000000002,1.5632200000000003,1.56351,144.76000356674194
2026-01-07 06:15:00,1.5635250000000003,1.5636300000000003,1.5635150000000002,1.5636300000000003,152.8000019788742
2026-01-07 06:16:00,1.563615,1.563675,1.563615,1.56366,57.910001277923584
2026-01-07 06:17:00,1.5636400000000001,1.56379,1.563625,1.5636550000000002,98.04000186920166
2026-01-07 06:18:00,1.56365,1.563885,1.5636400000000001,1.563825,120.21000254154205
2026-01-07 06:19:00,1.5638050000000003,1.5638050000000003,1.5636650000000003,1.5637800000000002,47.31000101566315
2026-01-07 06:20:00,1.563765,1.5638400000000001,1.563685,1.563685,60.630001187324524
2026-01-07 06:21:00,1.5637,1.5637800000000002,1.563635,1.56377,139.09000253677368
2026-01-07 06:22:00,1.5637800000000002,1.5638050000000003,1.5635600000000003,1.5635600000000003,90.21000146865845
2026-01-07 06:23:00,1.5635500000000002,1.5635850000000002,1.56332,1.5634300000000003,151.07000267505646
2026-01-07 06:24:00,1.56346,1.5635750000000002,1.56346,1.5635750000000002,55.380001068115234
2026-01-07 06:25:00,1.563565,1.5637350000000003,1.563565,1.5636650000000003,97.13000190258026
2026-01-07 06:26:00,1.5636650000000003,1.5636800000000002,1.5633850000000002,1.5633850000000002,146.9900017976761
2026-01-07 06:27:00,1.5633650000000001,1.563405,1.56324,1.5633750000000002,133.62000274658203
2026-01-07 06:28:00,1.5633650000000001,1.5633950000000003,1.563285,1.5633050000000002,97.170001745224
2026-01-07 06:29:00,1.563285,1.5633150000000002,1.56309,1.5631750000000002,162.23000192642212
2026-01-07 06:30:00,1.5631600000000003,1.5631850000000003,1.5630700000000002,1.563075,139.91000163555145
2026-01-07 06:31:00,1.5630900000000003,1.5633100000000002,1.563075,1.563285,98.31000137329102
2026-01-07 06:32:00,1.5633050000000002,1.563345,1.563295,1.563335,43.85000133514404
2026-01-07 06:33:00,1.56333,1.5634550000000003,1.5633150000000002,1.5633250000000003,102.57000231742859
2026-01-07 06:34:00,1.563345,1.5634350000000001,1.56333,1.563415,95.58000230789185
2026-01-07 06:35:00,1.563425,1.56346,1.5633250000000003,1.563405,99.40000128746033
2026-01-07 06:36:00,1.5633950000000003,1.5634450000000002,1.5633050000000002,1.563335,110.64000153541565
2026-01-07 06:37:00,1.563325,1.5633350000000001,1.5633150000000002,1.5633250000000003,24.260000467300415
2026-01-07 06:38:00,1.5633250000000003,1.56333,1.5631750000000002,1.5633250000000003,125.50000178813934
2026-01-07 06:39:00,1.56333,1.56346,1.56333,1.563335,98.73000192642212
2026-01-07 06:40:00,1.563345,1.563475,1.563335,1.563335,117.02000141143799
2026-01-07 06:41:00,1.56333,1.5633400000000002,1.5631750000000002,1.56333,221.73000407218933
2026-01-07 06:42:00,1.56333,1.5635250000000003,1.563295,1.5635250000000003,95.98000192642212
2026-01-07 06:43:00,1.5635350000000001,1.5635400000000002,1.563425,1.5635250000000003,178.79000294208527
2026-01-07 06:44:00,1.5635250000000003,1.563545,1.563525,1.5635400000000002,42.28000068664551
2026-01-07 06:45:00,1.5635500000000002,1.5636700000000001,1.5634800000000002,1.5634800000000002,176.52000260353088
2026-01-07 06:46:00,1.563495,1.563565,1.563355,1.5633650000000001,129.5000022649765
2026-01-07 06:47:00,1.5633600000000003,1.5634200000000003,1.5631650000000001,1.5631750000000002,166.13000190258026
2026-01-07 06:48:00,1.5631850000000003,1.563565,1.5631750000000002,1.563545,266.8500061035156
2026-01-07 06:49:00,1.563555,1.563635,1.563555,1.5635750000000002,70.15000128746033
2026-01-07 06:50:00,1.5635850000000002,1.56371,1.563565,1.563565,154.9000027179718
2026-01-07 06:51:00,1.563545,1.563565,1.563395,1.5634200000000003,155.56000208854675
2026-01-07 06:52:00,1.563415,1.5635850000000002,1.563415,1.563565,103.66000235080719
2026-01-07 06:53:00,1.5635600000000003,1.5636800000000002,1.5635600000000003,1.5636750000000001,106.71000146865845
2026-01-07 06:54:00,1.5636850000000002,1.563695,1.5636400000000001,1.563675,104.44000172615051
2026-01-07 06:55:00,1.563685,1.5637950000000003,1.5636100000000002,1.563635,184.2100032567978
2026-01-07 06:56:00,1.563635,1.5636450000000002,1.563415,1.5635150000000002,95.06000173091888
2026-01-07 06:57:00,1.56353,1.563625,1.5635250000000003,1.563615,98.05000150203705
2026-01-07 06:58:00,1.5636100000000002,1.5636150000000002,1.56345,1.563555,207.19000279903412
2026-01-07 06:59:00,1.5635350000000001,1.563555,1.5634350000000001,1.56345,215.88000357151031
2026-01-07 07:00:00,1.563405,1.5634200000000003,1.5631750000000002,1.563225,271.47000324726105
2026-01-07 07:01:00,1.5632300000000001,1.56324,1.5631050000000002,1.5632350000000002,243.37000358104706
2026-01-07 07:02:00,1.56324,1.563415,1.5632000000000001,1.563215,515.5300080776215
2026-01-07 07:03:00,1.563215,1.563325,1.5630950000000001,1.5631000000000002,367.89000606536865
2026-01-07 07:04:00,1.56311,1.5631950000000003,1.563085,1.5631250000000003,292.39000475406647
2026-01-07 07:05:00,1.5631300000000001,1.5632000000000001,1.5629650000000002,1.5631050000000002,428.8000068664551
2026-01-07 07:06:00,1.5631000000000002,1.5631150000000003,1.5629600000000001,1.5631050000000002,369.6800055503845
2026-01-07 07:07:00,1.5631000000000002,1.5633350000000001,1.5631000000000002,1.563225,414.07000708580017
2026-01-07 07:08:00,1.5632000000000001,1.563285,1.56318,1.5632000000000001,189.26000261306763
2026-01-07 07:09:00,1.56319,1.563225,1.5631400000000002,1.5632200000000003,234.3900021314621
2026-01-07 07:10:00,1.563215,1.5633400000000002,1.563145,1.5633250000000003,127.82000195980072
2026-01-07 07:11:00,1.56333,1.563735,1.56333,1.5637000000000003,202.86000299453735
2026-01-07 07:12:00,1.56372,1.5638100000000001,1.5636750000000001,1.5636850000000002,266.1100004911423
2026-01-07 07:13:00,1.563685,1.5637750000000001,1.563685,1.5637150000000002,155.43000197410583
2026-01-07 07:14:00,1.5637150000000002,1.5637150000000002,1.5635400000000002,1.5636650000000003,149.80000150203705
2026-01-07 07:15:00,1.5636750000000001,1.56407,1.5636750000000001,1.5640550000000002,244.85000240802765
2026-01-07 07:16:00,1.5640650000000003,1.5640650000000003,1.56379,1.563825,101.33000135421753
2026-01-07 07:17:00,1.5638150000000002,1.563965,1.5638050000000003,1.5638050000000003,201.88000333309174
2026-01-07 07:18:00,1.5638050000000001,1.5638800000000002,1.56379,1.5638100000000001,165.47000062465668
2026-01-07 07:19:00,1.5638100000000001,1.5638900000000002,1.56379,1.563815,155.69000208377838
2026-01-07 07:20:00,1.5638200000000002,1.563885,1.5637750000000001,1.5638750000000001,170.95000326633453
2026-01-07 07:21:00,1.563905,1.56407,1.5638750000000001,1.56404,210.120001912117
2026-01-07 07:22:00,1.564025,1.5642800000000001,1.564025,1.5642800000000001,275.08000230789185
2026-01-07 07:23:00,1.5642800000000001,1.56431,1.5641600000000002,1.5642650000000002,187.41999971866608
2026-01-07 07:24:00,1.56427,1.564365,1.56419,1.5642250000000002,160.57000243663788
2026-01-07 07:25:00,1.5642250000000002,1.5642250000000002,1.564035,1.564165,125.210000872612
2026-01-07 07:26:00,1.5641500000000002,1.564225,1.56407,1.5640800000000001,48.86000096797943
2026-01-07 07:27:00,1.5640650000000003,1.5642300000000002,1.564015,1.5642300000000002,77.2500011920929
2026-01-07 07:28:00,1.5642300000000002,1.5642650000000002,1.5641350000000003,1.5642150000000001,137.9100022315979
2026-01-07 07:29:00,1.564225,1.5643700000000003,1.564225,1.5643150000000001,73.73000109195709
2026-01-07 07:30:00,1.5643250000000002,1.5645250000000002,1.564245,1.5645250000000002,279.74000453948975
2026-01-07 07:31:00,1.5645300000000002,1.564625,1.564435,1.56453,231.79000294208527
2026-01-07 07:32:00,1.564515,1.5645200000000001,1.56406,1.5641350000000003,205.7000025510788
2026-01-07 07:33:00,1.5641350000000003,1.5644900000000002,1.5641350000000003,1.56446,237.22000288963318
2026-01-07 07:34:00,1.5644750000000003,1.5645250000000002,1.5644300000000002,1.5644550000000002,129.13000094890594
2026-01-07 07:35:00,1.5644500000000001,1.5647700000000002,1.564445,1.5647700000000002,181.94000148773193
2026-01-07 07:36:00,1.5647700000000002,1.564775,1.56461,1.5647250000000001,179.37000167369843
2026-01-07 07:37:00,1.56474,1.56478,1.564575,1.5645850000000001,159.29000234603882
2026-01-07 07:38:00,1.5645950000000002,1.5646750000000003,1.5645950000000002,1.5646550000000001,132.88000214099884
2026-01-07 07:39:00,1.5646650000000002,1.5647350000000002,1.564625,1.564645,179.0300017595291
2026-01-07 07:40:00,1.5646550000000001,1.5647450000000003,1.564515,1.5647450000000003,201.8600025177002
2026-01-07 07:41:00,1.5647600000000002,1.564785,1.5645950000000002,1.5646200000000001,125.63000071048737
2026-01-07 07:42:00,1.564625,1.564645,1.564575,1.564575,152.78999936580658
2026-01-07 07:43:00,1.5645800000000003,1.5645800000000003,1.564365,1.564365,235.36000335216522
2026-01-07 07:44:00,1.56433,1.56433,1.5639,1.5639,264.58000361919403
2026-01-07 07:45:00,1.5639150000000002,1.564155,1.563865,1.56412,292.4700040817261
2026-01-07 07:46:00,1.56412,1.56426,1.5641150000000001,1.56417,203.16000163555145
2026-01-07 07:47:00,1.564235,1.5643000000000002,1.5641350000000003,1.5642750000000003,186.08000016212463
2026-01-07 07:48:00,1.5642900000000002,1.564375,1.564235,1.564235,162.81000185012817
2026-01-07 07:49:00,1.564225,1.5642800000000001,1.5641450000000001,1.5642300000000002,214.70000159740448
2026-01-07 07:50:00,1.564225,1.5645250000000002,1.564225,1.5644050000000003,162.32000279426575
2026-01-07 07:51:00,1.5644050000000003,1.5648850000000003,1.5644050000000003,1.5648150000000003,245.48000359535217
2026-01-07 07:52:00,1.5648400000000002,1.56495,1.56475,1.5648,265.5300033092499
2026-01-07 07:53:00,1.5648150000000003,1.5649600000000001,1.5647950000000002,1.5649600000000001,286.2199991941452
2026-01-07 07:54:00,1.5649600000000001,1.5650000000000002,1.5648600000000001,1.5648650000000002,262.43000042438507
2026-01-07 07:55:00,1.56487,1.5651350000000002,1.564845,1.56512,214.75000405311584
2026-01-07 07:56:00,1.56512,1.5651350000000002,1.5650050000000002,1.5650950000000001,216.6800023317337
2026-01-07 07:57:00,1.5651000000000002,1.565125,1.564765,1.5647700000000002,373.41000401973724
2026-01-07 07:58:00,1.5647600000000002,1.564885,1.5647350000000002,1.5648500000000003,245.47000181674957
2026-01-07 07:59:00,1.5648600000000001,1.5649350000000002,1.5648500000000003,1.5648750000000002,308.9600031375885
2026-01-07 08:00:00,1.5648900000000001,1.5648900000000001,1.564615,1.5647800000000003,432.8900068998337
2026-01-07 08:01:00,1.564765,1.5651800000000002,1.564705,1.56512,382.34000194072723
2026-01-07 08:02:00,1.56512,1.5651750000000002,1.5648750000000002,1.5649950000000001,294.3200031518936
2026-01-07 08:03:00,1.5649950000000001,1.5652650000000001,1.5649550000000003,1.565245,264.5400035381317
2026-01-07 08:04:00,1.5652250000000003,1.565235,1.5650950000000001,1.565175,183.87000286579132
2026-01-07 08:05:00,1.5651650000000001,1.5651650000000001,1.5647250000000001,1.5649000000000002,414.8700031042099
2026-01-07 08:06:00,1.5649000000000002,1.5649800000000003,1.5648250000000001,1.564855,174.53000259399414
2026-01-07 08:07:00,1.5648300000000002,1.5648900000000001,1.564715,1.5647550000000001,194.75000131130219
2026-01-07 08:08:00,1.5647450000000003,1.5647550000000001,1.5645900000000001,1.5646950000000002,211.90000331401825
2026-01-07 08:09:00,1.5646850000000003,1.5649800000000003,1.5646750000000003,1.5649700000000002,170.58000302314758
2026-01-07 08:10:00,1.564985,1.565105,1.564965,1.5649650000000002,114.44000029563904
2026-01-07 08:11:00,1.5649600000000001,1.5651100000000002,1.5649250000000001,1.5651100000000002,181.77999901771545
2026-01-07 08:12:00,1.5650500000000003,1.5652350000000002,1.5649450000000003,1.5650950000000001,232.90000128746033
2026-01-07 08:13:00,1.565115,1.5653450000000002,1.564965,1.564965,285.6800035238266
2026-01-07 08:14:00,1.5649550000000003,1.5651000000000002,1.5648650000000002,1.5649950000000001,283.4400019645691
2026-01-07 08:15:00,1.56499,1.565235,1.56494,1.56502,292.93000042438507
2026-01-07 08:16:00,1.56502,1.56502,1.5648050000000002,1.56487,233.43000292778015
2026-01-07 08:17:00,1.5648700000000002,1.56508,1.5648500000000003,1.564975,213.1900006532669
2026-01-07 08:18:00,1.5649700000000002,1.56501,1.564845,1.564975,175.49000120162964
2026-01-07 08:19:00,1.564965,1.5649700000000002,1.5647700000000002,1.56486,218.82000160217285
2026-01-07 08:20:00,1.5648650000000002,1.564975,1.5647800000000003,1.5647800000000003,193.68000209331512
2026-01-07 08:21:00,1.5648150000000003,1.56488,1.5646750000000003,1.5648350000000002,173.37000012397766
2026-01-07 08:22:00,1.564845,1.5648950000000001,1.5648250000000001,1.5648400000000002,128.23000192642212
2026-01-07 08:23:00,1.564845,1.5650850000000003,1.564845,1.5649450000000003,203.29000210762024
2026-01-07 08:24:00,1.56495,1.56515,1.5649450000000003,1.56515,338.4000059366226
2026-01-07 08:25:00,1.5651550000000003,1.565225,1.565105,1.5651950000000001,202.7799997329712
2026-01-07 08:26:00,1.565225,1.5652300000000001,1.565125,1.5651900000000003,169.2900015115738
2026-01-07 08:27:00,1.5651900000000003,1.565395,1.5651900000000003,1.5653700000000002,248.04000163078308
2026-01-07 08:28:00,1.5653650000000001,1.56546,1.565315,1.56533,214.81000089645386
2026-01-07 08:29:00,1.5653350000000001,1.56543,1.565315,1.5653700000000002,189.57000243663788
2026-01-07 08:30:00,1.5653550000000003,1.565425,1.565175,1.56519,301.3900010585785
2026-01-07 08:31:00,1.5651650000000001,1.565325,1.5651550000000003,1.565325,118.72000181674957
2026-01-07 08:32:00,1.565325,1.565445,1.565305,1.5654400000000002,133.85999941825867
2026-01-07 08:33:00,1.565445,1.565585,1.565445,1.56556,254.93000161647797
2026-01-07 08:34:00,1.5655700000000001,1.5655800000000002,1.5654350000000001,1.5655800000000002,249.7100019454956
2026-01-07 08:35:00,1.565575,1.5656,1.565465,1.5655550000000003,123.57000195980072
2026-01-07 08:36:00,1.565565,1.565565,1.565525,1.565565,66.6199996471405
2026-01-07 08:37:00,1.565585,1.565725,1.565585,1.565725,210.14000141620636
2026-01-07 08:38:00,1.565725,1.56582,1.5656250000000003,1.5656850000000002,181.05000174045563
2026-01-07 08:39:00,1.5657,1.5657450000000002,1.5655100000000002,1.565585,264.8300029039383
2026-01-07 08:40:00,1.5655800000000002,1.5657300000000003,1.56553,1.56556,195.40000295639038
2026-01-07 08:41:00,1.565565,1.5657450000000002,1.565525,1.5657450000000002,293.94000029563904
2026-01-07 08:42:00,1.5657200000000002,1.5658350000000003,1.5657050000000001,1.5657800000000002,245.24000239372253
2026-01-07 08:43:00,1.5657400000000001,1.565865,1.5656950000000003,1.565765,303.38000190258026
2026-01-07 08:44:00,1.565765,1.5657850000000002,1.5655900000000003,1.5656250000000003,158.9000016450882
2026-01-07 08:45:00,1.565645,1.565735,1.5655800000000002,1.5655900000000003,177.06000244617462
2026-01-07 08:46:00,1.56563,1.56568,1.5656,1.5656050000000001,115.46000123023987
2026-01-07 08:47:00,1.5656050000000001,1.5656050000000001,1.5654750000000002,1.5655200000000002,207.0200011730194
2026-01-07 08:48:00,1.5655050000000001,1.5655100000000002,1.565325,1.565325,147.91000139713287
2026-01-07 08:49:00,1.5653000000000001,1.5653000000000001,1.565125,1.5652300000000001,175.34000313282013
2026-01-07 08:50:00,1.5652150000000002,1.5653550000000003,1.5651700000000002,1.5653350000000001,201.65000367164612
2026-01-07 08:51:00,1.5653350000000001,1.56534,1.5651300000000001,1.56516,127.74000263214111
2026-01-07 08:52:00,1.5651450000000002,1.5651450000000002,1.5650250000000003,1.5650850000000003,95.96000146865845
2026-01-07 08:53:00,1.5651000000000002,1.5652050000000002,1.5650850000000003,1.5651350000000002,110.75000071525574
2026-01-07 08:54:00,1.56514,1.56535,1.5651300000000001,1.565245,234.99000322818756
2026-01-07 08:55:00,1.5652150000000002,1.5652150000000002,1.56508,1.5651050000000002,172.49000203609467
2026-01-07 08:56:00,1.565105,1.56522,1.5650750000000002,1.5652000000000001,91.24000132083893
2026-01-07 08:57:00,1.5652050000000002,1.5652250000000003,1.5651100000000002,1.565125,97.3300017118454
2026-01-07 08:58:00,1.565115,1.56528,1.5650750000000002,1.5652750000000002,207.31000137329102
2026-01-07 08:59:00,1.5652850000000003,1.5654750000000002,1.5652700000000002,1.5652750000000002,257.0699999332428
2026-01-07 09:00:00,1.565295,1.565295,1.5650950000000001,1.5652250000000003,268.810001373291
2026-01-07 09:01:00,1.5651950000000001,1.5653900000000003,1.565125,1.56534,231.9600009918213
2026-01-07 09:02:00,1.5653350000000001,1.5654850000000002,1.5653200000000003,1.565465,393.7100031375885
2026-01-07 09:03:00,1.5654750000000002,1.5655200000000002,1.565325,1.5654700000000001,345.49000549316406
2026-01-07 09:04:00,1.565465,1.5655450000000002,1.565465,1.565495,157.2500010728836
2026-01-07 09:05:00,1.565515,1.565565,1.5654600000000003,1.56553,111.48000264167786
2026-01-07 09:06:00,1.565515,1.5655450000000002,1.5654050000000002,1.5655350000000001,70.75000071525574
2026-01-07 09:07:00,1.5655300000000003,1.565585,1.56541,1.5655800000000002,166.57000088691711
2026-01-07 09:08:00,1.5655450000000002,1.5657050000000001,1.5654250000000003,1.565655,209.01000082492828
2026-01-07 09:09:00,1.5656350000000003,1.5656700000000001,1.565455,1.5654700000000001,163.6200007200241
2026-01-07 09:10:00,1.5654450000000002,1.5656150000000002,1.5654250000000003,1.5655800000000002,115.83000135421753
2026-01-07 09:11:00,1.565595,1.5657750000000001,1.5655200000000002,1.5655200000000002,251.68000257015228
2026-01-07 09:12:00,1.56553,1.56562,1.565515,1.5655550000000003,149.63000190258026
2026-01-07 09:13:00,1.5655550000000003,1.565595,1.5654700000000001,1.56554,275.89000177383423
2026-01-07 09:14:00,1.5655300000000003,1.5655750000000002,1.565325,1.5653700000000002,259.1900051832199
2026-01-07 09:15:00,1.5653700000000002,1.565465,1.5653550000000003,1.5653550000000003,152.9800021648407
2026-01-07 09:16:00,1.56534,1.565455,1.565325,1.5653450000000002,133.9800020456314
2026-01-07 09:17:00,1.5653450000000002,1.565465,1.56534,1.565385,111.91000187397003
2026-01-07 09:18:00,1.565375,1.565495,1.56528,1.565445,129.60000252723694
2026-01-07 09:19:00,1.565455,1.5656150000000002,1.5654400000000002,1.5656150000000002,105.80000269412994
2026-01-07 09:20:00,1.5656250000000003,1.5656250000000003,1.5654350000000001,1.5654600000000003,146.16000294685364
2026-01-07 09:21:00,1.5654700000000001,1.56549,1.5654500000000002,1.5654500000000002,223.73000168800354
2026-01-07 09:22:00,1.56543,1.5654750000000002,1.56542,1.56543,182.47000288963318
2026-01-07 09:23:00,1.5654250000000003,1.5654500000000002,1.56541,1.565445,120.55000221729279
2026-01-07 09:24:00,1.5654400000000002,1.5654400000000002,1.5652150000000002,1.5652150000000002,91.69000244140625
2026-01-07 09:25:00,1.56522,1.5653100000000002,1.5652000000000001,1.5653100000000002,157.37000358104706
2026-01-07 09:26:00,1.565325,1.56533,1.565225,1.5652650000000001,243.29000079631805
2026-01-07 09:27:00,1.56526,1.56526,1.56507,1.5650750000000002,240.30999886989594
2026-01-07 09:28:00,1.5650750000000002,1.5650850000000003,1.5649800000000003,1.5649800000000003,237.91999793052673
2026-01-07 09:29:00,1.56499,1.5650000000000002,1.5647900000000001,1.5648150000000003,112.75000166893005
2026-01-07 09:30:00,1.5648000000000002,1.5648000000000002,1.5644150000000001,1.5645900000000001,168.68000209331512
2026-01-07 09:31:00,1.5646050000000002,1.5646550000000001,1.5645900000000001,1.5646350000000002,148.1100013256073
2026-01-07 09:32:00,1.564625,1.5648650000000002,1.5646200000000001,1.5648300000000002,252.52000284194946
2026-01-07 09:33:00,1.5648400000000002,1.5648500000000003,1.5646200000000001,1.56474,112.74000096321106
2026-01-07 09:34:00,1.56474,1.56474,1.5646750000000003,1.5646900000000001,117.81000137329102
2026-01-07 09:35:00,1.564705,1.56474,1.5646150000000003,1.564635,99.54000103473663
2026-01-07 09:36:00,1.564625,1.5646250000000002,1.5643350000000003,1.5643900000000002,175.7500033378601
2026-01-07 09:37:00,1.5643900000000002,1.5648500000000003,1.5643900000000002,1.5648250000000001,194.87000286579132
2026-01-07 09:38:00,1.5648150000000003,1.5648750000000002,1.5648050000000002,1.564845,93.7200014591217
2026-01-07 09:39:00,1.5648500000000003,1.56501,1.5648500000000003,1.5648750000000002,47.64000082015991
2026-01-07 09:40:00,1.5648650000000002,1.56488,1.5648250000000001,1.5648300000000002,128.4500014781952
2026-01-07 09:41:00,1.5648400000000002,1.5650050000000002,1.5648350000000002,1.5650000000000002,250.5299994945526
2026-01-07 09:42:00,1.56499,1.565,1.5648750000000002,1.5648750000000002,222.45999956130981
2026-01-07 09:43:00,1.564845,1.564845,1.5647350000000002,1.5647350000000002,137.3200010061264
2026-01-07 09:44:00,1.5647550000000001,1.5647800000000003,1.5646050000000002,1.5646850000000003,158.73000061511993
2026-01-07 09:45:00,1.564695,1.5647450000000003,1.5646400000000003,1.56474,50.690001487731934
2026-01-07 09:46:00,1.56475,1.5649000000000002,1.56475,1.5648750000000002,125.8500018119812
2026-01-07 09:47:00,1.5648650000000002,1.5648750000000002,1.56481,1.5648250000000001,94.59000182151794
2026-01-07 09:48:00,1.5648150000000003,1.5648150000000003,1.5647000000000002,1.5647650000000002,98.39000153541565
2026-01-07 09:49:00,1.5647700000000002,1.564895,1.56472,1.5647350000000002,129.83000206947327
2026-01-07 09:50:00,1.56473,1.5648950000000001,1.564715,1.56488,397.15000224113464
2026-01-07 09:51:00,1.5648750000000002,1.56499,1.56487,1.56487,380.85000491142273
2026-01-07 09:52:00,1.56487,1.564895,1.564855,1.56487,92.64000201225281
2026-01-07 09:53:00,1.5648750000000002,1.56495,1.564785,1.5648750000000002,194.93000316619873
2026-01-07 09:54:00,1.5648600000000001,1.5649000000000002,1.564845,1.5648650000000002,87.93000197410583
2026-01-07 09:55:00,1.5648750000000002,1.5649950000000001,1.564835,1.5649800000000003,209.48000276088715
2026-01-07 09:56:00,1.5649800000000003,1.56501,1.564975,1.5650050000000002,93.66000199317932
2026-01-07 09:57:00,1.5649950000000001,1.565,1.5649000000000002,1.5649300000000002,248.04000341892242
2026-01-07 09:58:00,1.56492,1.56492,1.564695,1.564695,168.930002450943
2026-01-07 09:59:00,1.564705,1.56473,1.5646250000000002,1.5646400000000003,127.60000157356262
2026-01-07 10:00:00,1.564645,1.5646750000000003,1.5645950000000002,1.56465,130.60000228881836
2026-01-07 10:01:00,1.5646600000000002,1.5647600000000002,1.5646050000000002,1.56475,244.8300017118454
2026-01-07 10:02:00,1.56475,1.5648600000000001,1.564625,1.5647450000000003,212.80000269412994
2026-01-07 10:03:00,1.5647550000000001,1.5650400000000002,1.5647550000000001,1.564885,381.51000130176544
2026-01-07 10:04:00,1.564885,1.56501,1.564885,1.5649800000000003,479.44000256061554
2026-01-07 10:05:00,1.564985,1.56502,1.564975,1.5649950000000001,113.89000105857849
2026-01-07 10:06:00,1.5649950000000001,1.5650150000000003,1.5647600000000002,1.564765,176.05000221729279
2026-01-07 10:07:00,1.5647450000000003,1.5647450000000003,1.564515,1.564515,109.86000096797943
2026-01-07 10:08:00,1.5645250000000002,1.5646200000000001,1.564505,1.564615,313.02000200748444
2026-01-07 10:09:00,1.5646200000000001,1.5646250000000002,1.564575,1.5646000000000002,212.09000098705292
2026-01-07 10:10:00,1.5646050000000002,1.564615,1.5645250000000002,1.5645800000000003,153.770001411438
2026-01-07 10:11:00,1.564575,1.5646,1.5644850000000001,1.5644900000000002,105.96000218391418
2026-01-07 10:12:00,1.564505,1.5645200000000001,1.564435,1.5645200000000001,75.16000187397003
2026-01-07 10:13:00,1.5645350000000002,1.564615,1.5644400000000003,1.564615,110.54000246524811
2026-01-07 10:14:00,1.564625,1.5646650000000002,1.5645900000000001,1.5646550000000001,71.95000147819519
2026-01-07 10:15:00,1.56466,1.5648500000000003,1.5646150000000003,1.5648500000000003,108.67000198364258
2026-01-07 10:16:00,1.564835,1.5648750000000002,1.56468,1.56472,212.7700036764145
2026-01-07 10:17:00,1.5647350000000002,1.56492,1.5647350000000002,1.564835,66.18000173568726
2026-01-07 10:18:00,1.5648250000000001,1.5648600000000001,1.5647350000000002,1.5647450000000003,135.54000234603882
2026-01-07 10:19:00,1.56473,1.5649350000000002,1.56472,1.5649300000000002,112.71000158786774
2026-01-07 10:20:00,1.56492,1.564985,1.564835,1.56487,194.210000872612
2026-01-07 10:21:00,1.5648600000000001,1.5648750000000002,1.5646750000000003,1.5647350000000002,158.8900020122528
2026-01-07 10:22:00,1.5647250000000001,1.5647450000000003,1.5646150000000003,1.5646400000000003,107.39000201225281
2026-01-07 10:23:00,1.5646300000000002,1.5646650000000002,1.5646300000000002,1.5646400000000003,268.9700027704239
2026-01-07 10:24:00,1.564645,1.5648950000000001,1.5646400000000003,1.5648900000000001,379.3299992084503
2026-01-07 10:25:00,1.564835,1.564835,1.564745,1.5647650000000002,319.6200016736984
2026-01-07 10:26:00,1.564775,1.56488,1.5647350000000002,1.564845,435.1500025987625
2026-01-07 10:27:00,1.5648650000000002,1.5650150000000003,1.5648650000000002,1.565015,227.7000013589859
2026-01-07 10:28:00,1.5650050000000002,1.5650150000000003,1.5648850000000003,1.5648850000000003,54.27000081539154
2026-01-07 10:29:00,1.56487,1.5649100000000002,1.564835,1.5649100000000002,248.15000247955322
2026-01-07 10:30:00,1.564915,1.5649700000000002,1.5648750000000002,1.56492,41.30000054836273
2026-01-07 10:31:00,1.5649100000000002,1.5651000000000002,1.5648750000000002,1.5650150000000003,255.20000433921814
2026-01-07 10:32:00,1.56501,1.56502,1.5649650000000002,1.564985,255.37000381946564
2026-01-07 10:33:00,1.564985,1.5650150000000003,1.5649700000000002,1.5649700000000002,96.10000240802765
2026-01-07 10:34:00,1.5649950000000001,1.56502,1.5648600000000001,1.5650050000000002,84.13000094890594
2026-01-07 10:35:00,1.5650050000000002,1.5650150000000003,1.56487,1.5649250000000001,186.240003824234
2026-01-07 10:36:00,1.56493,1.56493,1.564785,1.56488,149.74000239372253
2026-01-07 10:37:00,1.564885,1.5649250000000001,1.5648250000000001,1.564835,399.4600043296814
2026-01-07 10:38:00,1.5648400000000002,1.564885,1.56482,1.5648600000000001,413.8900045156479
2026-01-07 10:39:00,1.5648650000000002,1.5649200000000003,1.5646300000000002,1.5646300000000002,258.81000435352325
2026-01-07 10:40:00,1.5646150000000003,1.5647600000000002,1.564615,1.5646550000000001,365.9200041294098
2026-01-07 10:41:00,1.56466,1.56467,1.564565,1.56461,215.68000257015228
2026-01-07 10:42:00,1.5646050000000002,1.564855,1.564575,1.564855,171.97000312805176
2026-01-07 10:43:00,1.56487,1.5648850000000003,1.5647600000000002,1.564835,127.14000260829926
2026-01-07 10:44:00,1.5648250000000001,1.5648250000000001,1.5647350000000002,1.564775,54.96000111103058
2026-01-07 10:45:00,1.564785,1.564845,1.564785,1.5648300000000002,100.81000220775604
2026-01-07 10:46:00,1.5648250000000001,1.5648300000000002,1.56467,1.56467,144.59000265598297
2026-01-07 10:47:00,1.56468,1.56473,1.5646650000000002,1.56472,78.76000225543976
2026-01-07 10:48:00,1.56475,1.5648750000000002,1.5647350000000002,1.5648750000000002,52.720001339912415
2026-01-07 10:49:00,1.5648600000000001,1.5648850000000003,1.564835,1.5648600000000001,78.78000175952911
2026-01-07 10:50:00,1.564835,1.5648500000000003,1.5647250000000001,1.56475,98.20000100135803
2026-01-07 10:51:00,1.56474,1.5647550000000001,1.564705,1.56472,60.83000159263611
2026-01-07 10:52:00,1.5647350000000002,1.56482,1.5647350000000002,1.5647900000000001,75.95000123977661
2026-01-07 10:53:00,1.5648150000000003,1.5648500000000003,1.564715,1.5647350000000002,81.03000128269196
2026-01-07 10:54:00,1.56475,1.5648400000000002,1.56473,1.5648400000000002,61.45000147819519
2026-01-07 10:55:00,1.5648250000000001,1.5648750000000002,1.5648250000000001,1.5648750000000002,213.67000329494476
2026-01-07 10:56:00,1.5648650000000002,1.565105,1.5648650000000002,1.5650850000000003,219.21000277996063
2026-01-07 10:57:00,1.56508,1.5651300000000001,1.564965,1.5651200000000003,270.6100035905838
2026-01-07 10:58:00,1.56516,1.56526,1.56516,1.5652250000000003,361.1100060939789
2026-01-07 10:59:00,1.56522,1.5653700000000002,1.56522,1.5652850000000003,311.4300010204315
2026-01-07 11:00:00,1.5652850000000003,1.565325,1.5652500000000003,1.56528,152.27000105381012
2026-01-07 11:01:00,1.565295,1.565465,1.565295,1.56543,267.87000143527985
2026-01-07 11:02:00,1.56542,1.565445,1.56541,1.5654350000000001,62.220000982284546
2026-01-07 11:03:00,1.56542,1.5654250000000003,1.5652050000000002,1.5652050000000002,118.72000074386597
2026-01-07 11:04:00,1.56522,1.565325,1.5652150000000002,1.565325,67.35000085830688
2026-01-07 11:05:00,1.5653350000000001,1.5655550000000003,1.5653350000000001,1.5655550000000003,63.68000090122223
2026-01-07 11:06:00,1.5655650000000003,1.565575,1.5654600000000003,1.5655650000000003,77.61000120639801
2026-01-07 11:07:00,1.56556,1.5656500000000002,1.56556,1.565575,71.90000081062317
2026-01-07 11:08:00,1.5655800000000002,1.565715,1.5655750000000002,1.5656750000000001,54.4800009727478
2026-01-07 11:09:00,1.5656850000000002,1.5656850000000002,1.5655550000000003,1.5656050000000001,92.17000126838684
2026-01-07 11:10:00,1.5656150000000002,1.565655,1.565565,1.5656050000000001,77.93000137805939
2026-01-07 11:11:00,1.565575,1.5656400000000001,1.5655650000000003,1.565575,75.15000176429749
2026-01-07 11:12:00,1.5655750000000002,1.5655750000000002,1.5654150000000002,1.5654250000000003,79.35000133514404
2026-01-07 11:13:00,1.56543,1.5654850000000002,1.5654150000000002,1.5654150000000002,78.260000705719
2026-01-07 11:14:00,1.565385,1.565385,1.56528,1.565315,72.1500004529953
2026-01-07 11:15:00,1.5653200000000003,1.565325,1.5653000000000001,1.5653100000000002,36.05000066757202
2026-01-07 11:16:00,1.565305,1.5653100000000002,1.5652250000000003,1.5652650000000001,91.64000189304352
2026-01-07 11:17:00,1.565245,1.5652500000000003,1.56522,1.56522,37.040000677108765
2026-01-07 11:18:00,1.5651900000000003,1.5652850000000003,1.565185,1.5652850000000003,41.290000438690186
2026-01-07 11:19:00,1.5652500000000003,1.565315,1.5651100000000002,1.5651650000000001,87.3800014257431
2026-01-07 11:20:00,1.5651800000000002,1.5653900000000003,1.5651800000000002,1.5653450000000002,104.97000193595886
2026-01-07 11:21:00,1.5653700000000002,1.56546,1.56534,1.5653450000000002,122.30000114440918
2026-01-07 11:22:00,1.5653550000000003,1.5654400000000002,1.565325,1.5654250000000003,72.03000116348267
2026-01-07 11:23:00,1.5654400000000002,1.5654850000000002,1.5654400000000002,1.565465,43.97000062465668
2026-01-07 11:24:00,1.5654750000000002,1.56556,1.565465,1.565465,70.88000047206879
2026-01-07 11:25:00,1.5654400000000002,1.565495,1.56536,1.565495,87.24000144004822
2026-01-07 11:26:00,1.565505,1.5655900000000003,1.5654750000000002,1.5655900000000003,78.62000072002411
2026-01-07 11:27:00,1.5656050000000001,1.5656750000000001,1.565595,1.565595,82.7600005865097
2026-01-07 11:28:00,1.565595,1.565595,1.56556,1.56556,23.37000048160553
2026-01-07 11:29:00,1.5655450000000002,1.5655550000000003,1.5654500000000002,1.5655100000000002,63.68000149726868
2026-01-07 11:30:00,1.5654950000000003,1.5654950000000003,1.565445,1.56548,43.0300008058548
2026-01-07 11:31:00,1.565465,1.565465,1.565455,1.565465,22.43000030517578
2026-01-07 11:32:00,1.5654600000000003,1.56568,1.5654600000000003,1.56568,69.04000127315521
2026-01-07 11:33:00,1.56569,1.5657800000000002,1.5656600000000003,1.5657650000000003,48.28000092506409
2026-01-07 11:34:00,1.5657450000000002,1.5657450000000002,1.565665,1.5657050000000001,63.350000739097595
2026-01-07 11:35:00,1.565715,1.5658100000000001,1.5656850000000002,1.5658100000000001,177.6600021123886
2026-01-07 11:36:00,1.5658250000000002,1.5658250000000002,1.5658100000000001,1.5658100000000001,16.40000033378601
2026-01-07 11:37:00,1.5658100000000001,1.5658250000000002,1.565735,1.5658150000000002,48.19000041484833
2026-01-07 11:38:00,1.5658000000000003,1.5658050000000001,1.5656950000000003,1.5657200000000002,62.15000128746033
2026-01-07 11:39:00,1.5657050000000001,1.565715,1.5657050000000001,1.565715,20.000000476837158
2026-01-07 11:40:00,1.565735,1.5658250000000002,1.5657200000000002,1.5658100000000001,128.0100016593933
2026-01-07 11:41:00,1.5658100000000001,1.5658400000000001,1.565725,1.5657400000000001,67.39000070095062
2026-01-07 11:42:00,1.5657400000000001,1.5657650000000003,1.56569,1.5656950000000003,47.73000085353851
2026-01-07 11:43:00,1.5657050000000001,1.5657450000000002,1.5657050000000001,1.565715,49.10000121593475
2026-01-07 11:44:00,1.5657050000000001,1.565725,1.5656750000000001,1.5657100000000002,59.720000982284546
2026-01-07 11:45:00,1.565725,1.565725,1.5656850000000002,1.5657100000000002,60.120001435279846
2026-01-07 11:46:00,1.5657,1.5657100000000002,1.5654350000000001,1.565465,174.61000394821167
2026-01-07 11:47:00,1.565455,1.5654750000000002,1.5653350000000001,1.565395,107.18000137805939
2026-01-07 11:48:00,1.5654000000000001,1.5654600000000003,1.5653350000000001,1.5653350000000001,138.87000250816345
2026-01-07 11:49:00,1.5653550000000003,1.565385,1.5653550000000003,1.5653700000000002,28.270000100135803
2026-01-07 11:50:00,1.5654000000000001,1.5654350000000001,1.565325,1.5653550000000003,148.33000147342682
2026-01-07 11:51:00,1.5653350000000001,1.5653650000000001,1.56533,1.56536,88.59000182151794
2026-01-07 11:52:00,1.565355,1.565355,1.5653200000000003,1.565325,34.8100004196167
2026-01-07 11:53:00,1.565375,1.565375,1.565315,1.565325,64.91000008583069
2026-01-07 11:54:00,1.565315,1.565325,1.565255,1.5653200000000003,162.25000083446503
2026-01-07 11:55:00,1.5653050000000002,1.565315,1.56519,1.5652150000000002,71.93000054359436
2026-01-07 11:56:00,1.5652050000000002,1.565245,1.5652050000000002,1.5652150000000002,42.56000089645386
2026-01-07 11:57:00,1.5652400000000002,1.5653000000000001,1.5651550000000003,1.5652850000000003,92.8500006198883
2026-01-07 11:58:00,1.5653100000000002,1.5653200000000003,1.565255,1.565305,42.77000105381012
2026-01-07 11:59:00,1.5652750000000002,1.5652850000000003,1.5651650000000001,1.5651650000000001,38.39000105857849
2026-01-07 12:00:00,1.565155,1.565155,1.56482,1.5649250000000001,149.4500025510788
2026-01-07 12:01:00,1.5648900000000001,1.56492,1.564765,1.5648250000000001,91.34000158309937
2026-01-07 12:02:00,1.5648500000000003,1.5649950000000001,1.5648150000000003,1.564975,166.22000217437744
2026-01-07 12:03:00,1.5649650000000002,1.56502,1.56495,1.5649800000000003,95.06000113487244
2026-01-07 12:04:00,1.56499,1.5650150000000003,1.5648500000000003,1.5649550000000003,134.24000239372253
2026-01-07 12:05:00,1.56495,1.5649800000000003,1.5649350000000002,1.5649700000000002,46.42000067234039
2026-01-07 12:06:00,1.5649550000000003,1.564965,1.564905,1.5649450000000003,35.670000195503235
2026-01-07 12:07:00,1.564975,1.5649950000000001,1.5649550000000003,1.5649700000000002,36.320000767707825
2026-01-07 12:08:00,1.5649550000000003,1.5650650000000002,1.5649550000000003,1.5649650000000002,117.43000185489655
2026-01-07 12:09:00,1.5648900000000001,1.5650850000000003,1.564855,1.5650250000000003,162.79000222682953
2026-01-07 12:10:00,1.5650650000000002,1.5652400000000002,1.5650650000000002,1.5651800000000002,101.5600016117096
2026-01-07 12:11:00,1.565175,1.56522,1.565115,1.5651550000000003,150.99000310897827
2026-01-07 12:12:00,1.56514,1.56514,1.5649550000000003,1.564965,173.8400024175644
2026-01-07 12:13:00,1.5649700000000002,1.565175,1.5649600000000001,1.565175,82.3400011062622
2026-01-07 12:14:00,1.5651650000000001,1.5652650000000001,1.5651200000000003,1.5651700000000002,134.14000153541565
2026-01-07 12:15:00,1.56516,1.5652300000000001,1.565115,1.56522,63.320001006126404
2026-01-07 12:16:00,1.56522,1.56522,1.5650950000000001,1.5651350000000002,114.00000071525574
2026-01-07 12:17:00,1.565125,1.5652650000000001,1.565125,1.5652650000000001,45.71000051498413
2026-01-07 12:18:00,1.565255,1.5653450000000002,1.565175,1.56534,78.88000118732452
2026-01-07 12:19:00,1.56533,1.5653550000000003,1.56526,1.565325,120.4900016784668
2026-01-07 12:20:00,1.5653350000000001,1.5653450000000002,1.5652250000000003,1.5652400000000002,92.08000111579895
2026-01-07 12:21:00,1.565255,1.5652650000000001,1.5651300000000001,1.565225,138.7100019454956
2026-01-07 12:22:00,1.565225,1.565515,1.565225,1.5655100000000002,123.90000081062317
2026-01-07 12:23:00,1.5654750000000002,1.5654800000000002,1.5654150000000002,1.5654700000000001,99.43999969959259
2026-01-07 12:24:00,1.5654750000000002,1.5655800000000002,1.565445,1.5655800000000002,195.07000136375427
2026-01-07 12:25:00,1.5655850000000002,1.5655850000000002,1.5654150000000002,1.56542,135.83000195026398
2026-01-07 12:26:00,1.56543,1.5655700000000001,1.56536,1.56556,158.11000263690948
2026-01-07 12:27:00,1.56555,1.5655900000000003,1.565505,1.5655200000000002,164.76000022888184
2026-01-07 12:28:00,1.5655300000000003,1.565655,1.5655300000000003,1.5655850000000002,119.73000192642212
2026-01-07 12:29:00,1.5655800000000002,1.5655800000000002,1.5654700000000001,1.5654800000000002,159.69000220298767
2026-01-07 12:30:00,1.5654800000000002,1.5654800000000002,1.5652600000000003,1.5652600000000003,187.2600016593933
2026-01-07 12:31:00,1.5652600000000003,1.56536,1.565225,1.5652650000000001,162.7800018787384
2026-01-07 12:32:00,1.565255,1.565255,1.5650050000000002,1.56502,120.09000182151794
2026-01-07 12:33:00,1.5650150000000003,1.5651300000000001,1.5650150000000003,1.565115,245.68000268936157
2026-01-07 12:34:00,1.5651200000000003,1.565245,1.5651200000000003,1.5652150000000002,112.23000204563141
2026-01-07 12:35:00,1.56521,1.5652600000000003,1.5651000000000002,1.56522,213.33000242710114
2026-01-07 12:36:00,1.5652150000000002,1.565245,1.56521,1.5652250000000003,130.26000225543976
2026-01-07 12:37:00,1.5652250000000003,1.5652500000000003,1.5651100000000002,1.565125,121.11000204086304
2026-01-07 12:38:00,1.565125,1.565245,1.565125,1.565235,179.17000257968903
2026-01-07 12:39:00,1.5652300000000001,1.56527,1.5652050000000002,1.5652650000000001,173.55000340938568
2026-01-07 12:40:00,1.56527,1.5655200000000002,1.56526,1.565515,290.1199996471405
2026-01-07 12:41:00,1.5655100000000002,1.565525,1.5653650000000001,1.565395,449.16999876499176
2026-01-07 12:42:00,1.565385,1.5655050000000001,1.5653700000000002,1.5655050000000001,390.6400009393692
2026-01-07 12:43:00,1.5655100000000002,1.5656150000000002,1.5654700000000001,1.5655100000000002,252.92000102996826
2026-01-07 12:44:00,1.5655100000000002,1.565515,1.5654750000000002,1.565515,71.66000127792358
2026-01-07 12:45:00,1.565525,1.565525,1.5653400000000002,1.5653700000000002,284.09000384807587
2026-01-07 12:46:00,1.565395,1.5654850000000002,1.5653800000000002,1.5654850000000002,211.08000314235687
2026-01-07 12:47:00,1.56549,1.56549,1.5653550000000003,1.5653900000000003,252.68000376224518
2026-01-07 12:48:00,1.5653650000000001,1.5653650000000001,1.565255,1.5652650000000001,44.80000019073486
2026-01-07 12:49:00,1.5652850000000003,1.56536,1.565235,1.5652400000000002,87.09000194072723
2026-01-07 12:50:00,1.5652250000000003,1.5652650000000001,1.565125,1.5652650000000001,193.58000206947327
2026-01-07 12:51:00,1.565255,1.56529,1.5651800000000002,1.565185,196.7000035047531
2026-01-07 12:52:00,1.5651900000000003,1.56535,1.565185,1.5653100000000002,240.1900041103363
2026-01-07 12:53:00,1.565315,1.56535,1.56521,1.565245,308.7700055837631
2026-01-07 12:54:00,1.5652000000000001,1.565245,1.5651200000000003,1.5652400000000002,192.96000230312347
2026-01-07 12:55:00,1.5652350000000002,1.56528,1.565125,1.5651650000000001,230.83000218868256
2026-01-07 12:56:00,1.5651700000000002,1.565225,1.5650500000000003,1.56509,266.81000447273254
2026-01-07 12:57:00,1.5651050000000002,1.56515,1.5650750000000002,1.5651350000000002,412.6900038719177
2026-01-07 12:58:00,1.5651350000000002,1.5651800000000002,1.56509,1.565125,228.27000260353088
2026-01-07 12:59:00,1.5651300000000001,1.5651650000000001,1.5650650000000002,1.56515,323.26000356674194
2026-01-07 13:00:00,1.56516,1.5653400000000002,1.5651450000000002,1.5652750000000002,153.34000205993652
2026-01-07 13:01:00,1.56526,1.5652650000000001,1.5652050000000002,1.5652650000000001,89.18000209331512
2026-01-07 13:02:00,1.565255,1.56528,1.56522,1.5652400000000002,99.96000182628632
2026-01-07 13:03:00,1.565235,1.5652750000000002,1.564915,1.565115,282.8300039768219
2026-01-07 13:04:00,1.565115,1.5652050000000002,1.5650950000000001,1.5651550000000003,282.0500031709671
2026-01-07 13:05:00,1.5651900000000003,1.5652150000000002,1.5650000000000002,1.56507,471.1400032043457
2026-01-07 13:06:00,1.56507,1.565235,1.5650300000000001,1.5652050000000002,265.43000292778015
2026-01-07 13:07:00,1.56516,1.5652750000000002,1.5651550000000003,1.5652250000000003,303.5700044631958
2026-01-07 13:08:00,1.5652050000000002,1.5653900000000003,1.5652050000000002,1.5653800000000002,211.7300033569336
2026-01-07 13:09:00,1.5653800000000002,1.5654750000000002,1.5653200000000003,1.5654500000000002,272.1900038719177
2026-01-07 13:10:00,1.5654500000000002,1.5654750000000002,1.565385,1.565465,152.75000059604645
2026-01-07 13:11:00,1.5654600000000003,1.56548,1.5653650000000001,1.56548,179.39000046253204
2026-01-07 13:12:00,1.565495,1.5655000000000001,1.5654500000000002,1.5654700000000001,97.80000138282776
2026-01-07 13:13:00,1.5654750000000002,1.565515,1.5653650000000001,1.5653800000000002,253.84000253677368
2026-01-07 13:14:00,1.5653700000000002,1.5658750000000001,1.56533,1.565655,410.59000849723816
2026-01-07 13:15:00,1.565655,1.565655,1.564885,1.5653450000000002,447.88000679016113
2026-01-07 13:16:00,1.5653450000000002,1.5653450000000002,1.564975,1.5652300000000001,302.4800045490265
2026-01-07 13:17:00,1.5652050000000002,1.5652650000000001,1.5648300000000002,1.5648750000000002,177.94000148773193
2026-01-07 13:18:00,1.5648400000000002,1.5648400000000002,1.5641100000000001,1.5642150000000001,460.7800061702728
2026-01-07 13:19:00,1.5642150000000001,1.564765,1.5642150000000001,1.564635,331.00000381469727
2026-01-07 13:20:00,1.564615,1.5646400000000003,1.5643000000000002,1.564635,412.52000665664673
2026-01-07 13:21:00,1.56467,1.56487,1.56467,1.56473,256.0700030326843
2026-01-07 13:22:00,1.56474,1.564855,1.5646850000000003,1.5647450000000003,225.12000370025635
2026-01-07 13:23:00,1.5647550000000001,1.56522,1.5647450000000003,1.56522,249.96000289916992
2026-01-07 13:24:00,1.5652250000000003,1.5652750000000002,1.5649950000000001,1.5650750000000002,318.6600043773651
2026-01-07 13:25:00,1.5650650000000002,1.5651000000000002,1.5648750000000002,1.5651000000000002,314.93000411987305
2026-01-07 13:26:00,1.5651100000000002,1.5652000000000001,1.5649700000000002,1.5651350000000002,250.13000440597534
2026-01-07 13:27:00,1.565125,1.5651300000000001,1.5648650000000002,1.564885,198.99000418186188
2026-01-07 13:28:00,1.5648750000000002,1.56488,1.564375,1.5645250000000002,389.8500065803528
2026-01-07 13:29:00,1.564515,1.5645350000000002,1.5644400000000003,1.564515,231.55000352859497
2026-01-07 13:30:00,1.564505,1.564645,1.5643700000000003,1.5646,267.91000485420227
2026-01-07 13:31:00,1.5645850000000001,1.5645850000000001,1.5642150000000001,1.5642800000000001,431.1900084018707
2026-01-07 13:32:00,1.56427,1.564285,1.5640550000000002,1.56427,371.4000049829483
2026-01-07 13:33:00,1.5642650000000002,1.564375,1.5639750000000001,1.564025,322.3100049495697
2026-01-07 13:34:00,1.564025,1.564225,1.56386,1.564025,360.5500056743622
2026-01-07 13:35:00,1.5640100000000001,1.5642300000000002,1.5640050000000003,1.564085,254.4200040102005
2026-01-07 13:36:00,1.564095,1.56434,1.564035,1.5642500000000001,324.3500055074692
2026-01-07 13:37:00,1.5642650000000002,1.56427,1.564015,1.5640750000000003,255.6300050020218
2026-01-07 13:38:00,1.5640650000000003,1.564225,1.56393,1.5642,345.2600072622299
2026-01-07 13:39:00,1.5642200000000002,1.564375,1.5642200000000002,1.564375,281.4000060558319
2026-01-07 13:40:00,1.5643450000000003,1.564375,1.5638650000000003,1.5639750000000001,398.15000879764557
2026-01-07 13:41:00,1.56399,1.5640200000000002,1.563895,1.564,368.11000537872314
2026-01-07 13:42:00,1.56399,1.5639950000000002,1.563625,1.56379,491.1600069999695
2026-01-07 13:43:00,1.5637800000000002,1.5639800000000001,1.563765,1.5639700000000003,299.72000312805176
2026-01-07 13:44:00,1.5639800000000001,1.56414,1.5639800000000001,1.5641100000000001,204.0000034570694
2026-01-07 13:45:00,1.5641150000000001,1.5642800000000001,1.5640500000000002,1.5642750000000003,323.5200036764145
2026-01-07 13:46:00,1.5642900000000002,1.5642900000000002,1.56392,1.564015,254.2400062084198
2026-01-07 13:47:00,1.5640200000000002,1.56414,1.5639750000000001,1.564025,206.84000408649445
2026-01-07 13:48:00,1.5640200000000002,1.564225,1.564015,1.5641850000000002,284.2100032567978
2026-01-07 13:49:00,1.564165,1.564165,1.5638750000000001,1.563885,236.82000243663788
2026-01-07 13:50:00,1.563885,1.56404,1.563885,1.5640050000000003,351.05000495910645
2026-01-07 13:51:00,1.564015,1.564035,1.5637100000000002,1.5637250000000003,271.60000360012054
2026-01-07 13:52:00,1.56373,1.5638800000000002,1.5637150000000002,1.5637950000000003,327.34000623226166
2026-01-07 13:53:00,1.5638100000000001,1.5638900000000002,1.5638100000000001,1.5638300000000003,401.94000816345215
2026-01-07 13:54:00,1.563825,1.5640200000000002,1.563825,1.5639950000000002,303.15000450611115
2026-01-07 13:55:00,1.56399,1.564015,1.5638800000000002,1.5639250000000002,302.530002951622
2026-01-07 13:56:00,1.56394,1.563965,1.563675,1.563885,367.0300050973892
2026-01-07 13:57:00,1.5638900000000002,1.5640500000000002,1.5638650000000003,1.5640450000000001,298.8500061035156
2026-01-07 13:58:00,1.5640650000000003,1.564225,1.5640450000000001,1.564175,150.01000320911407
2026-01-07 13:59:00,1.564165,1.564225,1.5640800000000001,1.564175,218.00000274181366
2026-01-07 14:00:00,1.5642150000000001,1.564305,1.564165,1.564165,270.0800050497055
2026-01-07 14:01:00,1.5641700000000003,1.5642800000000001,1.564105,1.5641850000000002,405.1600078344345
2026-01-07 14:02:00,1.5641850000000002,1.564225,1.563955,1.5640300000000003,300.970006108284
2026-01-07 14:03:00,1.5640200000000002,1.56427,1.5640200000000002,1.5642550000000002,345.5300054550171
2026-01-07 14:04:00,1.5642150000000001,1.5642200000000002,1.563955,1.564015,146.26000213623047
2026-01-07 14:05:00,1.564015,1.5642650000000002,1.564015,1.564175,295.91000604629517
2026-01-07 14:06:00,1.564175,1.56427,1.56413,1.5642550000000002,261.6900042295456
2026-01-07 14:07:00,1.56426,1.5643850000000001,1.5642550000000002,1.564375,71.00000166893005
2026-01-07 14:08:00,1.5643800000000003,1.56439,1.564175,1.5642750000000003,271.3600050210953
2026-01-07 14:09:00,1.5642750000000003,1.56448,1.564275,1.564435,146.71000337600708
2026-01-07 14:10:00,1.5644650000000002,1.5644850000000001,1.5643700000000003,1.56438,250.76000499725342
2026-01-07 14:11:00,1.5643900000000002,1.5644900000000002,1.564365,1.5644850000000001,196.2600039243698
2026-01-07 14:12:00,1.5644850000000001,1.5646150000000003,1.5643700000000003,1.5646150000000003,370.8500072956085
2026-01-07 14:13:00,1.56461,1.564645,1.5645350000000002,1.5645350000000002,445.46000945568085
2026-01-07 14:14:00,1.56453,1.5648650000000002,1.5645250000000002,1.56481,350.8500065803528
2026-01-07 14:15:00,1.564815,1.56494,1.564775,1.5648650000000002,401.1800092458725
2026-01-07 14:16:00,1.56487,1.5649000000000002,1.5645950000000002,1.56466,370.72000646591187
2026-01-07 14:17:00,1.56467,1.56472,1.5646200000000001,1.56472,342.93000960350037
2026-01-07 14:18:00,1.564715,1.565055,1.564715,1.564845,310.6400068998337
2026-01-07 14:19:00,1.5648500000000003,1.564895,1.56475,1.56487,295.720006108284
2026-01-07 14:20:00,1.5648750000000002,1.5649000000000002,1.5647550000000001,1.5647800000000003,290.07000756263733
2026-01-07 14:21:00,1.564775,1.564775,1.5646300000000002,1.56465,239.55000412464142
2026-01-07 14:22:00,1.564645,1.5647950000000002,1.564635,1.5647650000000002,418.64000964164734
2026-01-07 14:23:00,1.5646950000000002,1.56487,1.5646650000000002,1.5648400000000002,324.32000708580017
2026-01-07 14:24:00,1.564835,1.56501,1.5647950000000002,1.56501,204.21000516414642
2026-01-07 14:25:00,1.5650250000000003,1.565035,1.5648300000000002,1.564905,194.98000502586365
2026-01-07 14:26:00,1.564915,1.564915,1.5646400000000003,1.564765,266.2800062894821
2026-01-07 14:27:00,1.56474,1.5647550000000001,1.5646650000000002,1.5646650000000002,241.07000529766083
2026-01-07 14:28:00,1.5647000000000002,1.56488,1.5646650000000002,1.56487,296.55000507831573
2026-01-07 14:29:00,1.5648850000000003,1.5652300000000001,1.5648750000000002,1.5650300000000001,521.8600072860718
2026-01-07 14:30:00,1.5650400000000002,1.565115,1.5648900000000001,1.56494,598.090010881424
2026-01-07 14:31:00,1.56495,1.564975,1.5647250000000001,1.564765,458.090008020401
2026-01-07 14:32:00,1.5647550000000001,1.56487,1.5646750000000003,1.5648400000000002,443.15001106262207
2026-01-07 14:33:00,1.5648600000000001,1.565035,1.564845,1.5648850000000003,491.5200107097626
2026-01-07 14:34:00,1.5649000000000002,1.5649100000000002,1.5647550000000001,1.5647550000000001,216.1200054883957
2026-01-07 14:35:00,1.5647800000000003,1.5649950000000001,1.5647000000000002,1.564965,259.3100041151047
2026-01-07 14:36:00,1.5649700000000002,1.56501,1.564885,1.5649800000000003,438.2200063467026
2026-01-07 14:37:00,1.564985,1.56501,1.5648500000000003,1.5648650000000002,362.74001026153564
2026-01-07 14:38:00,1.5648500000000003,1.56499,1.564835,1.5649550000000003,391.6400102376938
2026-01-07 14:39:00,1.5649450000000003,1.565115,1.5649450000000003,1.565115,196.86000442504883
2026-01-07 14:40:00,1.56514,1.56529,1.564975,1.564975,524.0700097084045
2026-01-07 14:41:00,1.564975,1.564975,1.5647600000000002,1.56494,324.1400053501129
2026-01-07 14:42:00,1.56495,1.56502,1.564915,1.5649600000000001,220.96000576019287
2026-01-07 14:43:00,1.564915,1.564915,1.5647800000000003,1.5647800000000003,267.77000617980957
2026-01-07 14:44:00,1.56482,1.564965,1.56482,1.5649550000000003,230.10000467300415
2026-01-07 14:45:00,1.5649300000000002,1.56556,1.5649250000000001,1.5653650000000001,506.6100083589554
2026-01-07 14:46:00,1.5653650000000001,1.5653700000000002,1.5646900000000001,1.56487,454.2700090408325
2026-01-07 14:47:00,1.564855,1.5649100000000002,1.5647600000000002,1.56488,538.1300120353699
2026-01-07 14:48:00,1.564885,1.56507,1.56475,1.56507,387.3000091314316
2026-01-07 14:49:00,1.5650750000000002,1.5651350000000002,1.5648650000000002,1.5650000000000002,521.3000098466873
2026-01-07 14:50:00,1.5649950000000001,1.565115,1.5648750000000002,1.5648750000000002,506.5800106525421
2026-01-07 14:51:00,1.56488,1.5651200000000003,1.5648650000000002,1.5648850000000003,479.8000112771988
2026-01-07 14:52:00,1.56488,1.5648900000000001,1.56472,1.56472,319.79000425338745
2026-01-07 14:53:00,1.56473,1.564845,1.5646850000000003,1.564715,329.01000475883484
2026-01-07 14:54:00,1.56472,1.5647250000000001,1.564365,1.5643850000000001,469.3600068092346
2026-01-07 14:55:00,1.564375,1.5643850000000001,1.5641600000000002,1.5643000000000002,708.1800081729889
2026-01-07 14:56:00,1.564295,1.5644850000000001,1.564295,1.5643950000000002,718.8500108718872
2026-01-07 14:57:00,1.5643900000000002,1.5643900000000002,1.56421,1.56427,421.4400061368942
2026-01-07 14:58:00,1.5642800000000001,1.564375,1.5642,1.564245,206.80000281333923
2026-01-07 14:59:00,1.564225,1.5642750000000003,1.5639800000000001,1.56413,420.6700074672699
2026-01-07 15:00:00,1.5641450000000003,1.5664250000000002,1.5641350000000003,1.5664250000000002,1630.9100092947483
2026-01-07 15:01:00,1.566395,1.56661,1.5654150000000002,1.5655550000000003,991.2500152587891
2026-01-07 15:02:00,1.5655650000000003,1.5660850000000002,1.5655650000000003,1.566075,729.9100097417831
2026-01-07 15:03:00,1.5660500000000002,1.566175,1.5656100000000002,1.5657100000000002,971.9300141334534
2026-01-07 15:04:00,1.565725,1.5659800000000001,1.5654750000000002,1.5656250000000003,869.7800137996674
2026-01-07 15:05:00,1.5656150000000002,1.5658550000000002,1.56549,1.56562,909.8600142002106
2026-01-07 15:06:00,1.5656050000000001,1.5656750000000001,1.5652500000000003,1.565255,755.5200110673904
2026-01-07 15:07:00,1.5652500000000003,1.5654000000000001,1.5647950000000002,1.5650000000000002,1170.7200121879578
2026-01-07 15:08:00,1.5650050000000002,1.5650150000000003,1.5647600000000002,1.564845,824.4900089502335
2026-01-07 15:09:00,1.5648500000000003,1.5652650000000001,1.564845,1.5652150000000002,901.4700138568878
2026-01-07 15:10:00,1.56522,1.565935,1.56522,1.5659,702.1200133562088
2026-01-07 15:11:00,1.5659,1.5662950000000002,1.5658850000000002,1.5661950000000002,846.6800094842911
2026-01-07 15:12:00,1.5661950000000002,1.5663150000000001,1.56596,1.566055,689.4200069904327
2026-01-07 15:13:00,1.5660700000000003,1.5663,1.566005,1.56617,859.2400070428848
2026-01-07 15:14:00,1.5661800000000001,1.566605,1.5661800000000001,1.56655,783.3800096511841
2026-01-07 15:15:00,1.5665400000000003,1.5667550000000001,1.566445,1.5666650000000002,707.0200078487396
2026-01-07 15:16:00,1.5666650000000002,1.5667600000000002,1.5663300000000002,1.5663300000000002,674.6600099802017
2026-01-07 15:17:00,1.5663150000000001,1.56658,1.56623,1.5665300000000002,601.130005478859
2026-01-07 15:18:00,1.5665250000000002,1.5665650000000002,1.566205,1.5663200000000002,732.540011882782
2026-01-07 15:19:00,1.5663200000000002,1.566665,1.56631,1.5665150000000003,440.0200036764145
2026-01-07 15:20:00,1.5665250000000002,1.566685,1.5664850000000001,1.566545,411.3300049304962
2026-01-07 15:21:00,1.5665550000000001,1.566805,1.5665300000000002,1.5667150000000003,471.1200062036514
2026-01-07 15:22:00,1.56671,1.56677,1.56651,1.566665,335.4800046682358
2026-01-07 15:23:00,1.5666900000000001,1.5667900000000001,1.566535,1.56656,312.8400046825409
2026-01-07 15:24:00,1.5665650000000002,1.566815,1.5665550000000001,1.5667050000000002,524.2900061607361
2026-01-07 15:25:00,1.5667000000000002,1.5668900000000001,1.5666350000000002,1.566675,560.1500033140182
2026-01-07 15:26:00,1.566685,1.5668350000000002,1.566605,1.566675,337.4900052547455
2026-01-07 15:27:00,1.566665,1.5667,1.5664700000000003,1.5665650000000002,299.37000358104706
2026-01-07 15:28:00,1.5665300000000002,1.566605,1.5664100000000003,1.5664200000000001,345.14000594615936
2026-01-07 15:29:00,1.5663900000000002,1.5663900000000002,1.5660550000000002,1.5661100000000001,478.25000536441803
2026-01-07 15:30:00,1.5660950000000002,1.56634,1.56602,1.5662000000000003,671.4200012683868
2026-01-07 15:31:00,1.56621,1.5664650000000002,1.5661900000000002,1.5663750000000003,592.2400054931641
2026-01-07 15:32:00,1.56637,1.5665750000000003,1.5663150000000001,1.566325,529.8400039672852
2026-01-07 15:33:00,1.5663500000000001,1.5664450000000003,1.56623,1.566325,243.5700032711029
2026-01-07 15:34:00,1.56631,1.566345,1.5661650000000003,1.56623,445.53000700473785
2026-01-07 15:35:00,1.56621,1.56623,1.5657650000000003,1.566115,610.5100063085556
2026-01-07 15:36:00,1.5661200000000002,1.566255,1.566075,1.5661750000000003,428.8000055551529
2026-01-07 15:37:00,1.5661800000000001,1.5662250000000002,1.5658450000000002,1.5658950000000003,503.40000569820404
2026-01-07 15:38:00,1.5658850000000002,1.56597,1.5655700000000001,1.565595,523.5600049495697
2026-01-07 15:39:00,1.5656,1.5658400000000001,1.565375,1.5657200000000002,731.4400087594986
2026-01-07 15:40:00,1.5657200000000002,1.5657450000000002,1.5654700000000001,1.565505,682.5700019598007
2026-01-07 15:41:00,1.565515,1.565515,1.5651200000000003,1.5651300000000001,531.5600057840347
2026-01-07 15:42:00,1.565115,1.5653650000000001,1.5651000000000002,1.5653550000000003,641.5500036478043
2026-01-07 15:43:00,1.56535,1.565515,1.5651550000000003,1.5655100000000002,568.8999977111816
2026-01-07 15:44:00,1.565515,1.5658750000000001,1.565515,1.5656400000000001,489.3800040483475
2026-01-07 15:45:00,1.565635,1.56577,1.5655350000000001,1.565765,432.45000648498535
2026-01-07 15:46:00,1.5657550000000002,1.5660500000000002,1.56573,1.5658850000000002,430.3800057172775
2026-01-07 15:47:00,1.5658950000000003,1.5662350000000003,1.5658950000000003,1.5662250000000002,429.5200060606003
2026-01-07 15:48:00,1.56622,1.5664550000000002,1.5661550000000002,1.5662150000000001,375.4000036716461
2026-01-07 15:49:00,1.566205,1.5663300000000002,1.5660450000000001,1.5660600000000002,417.4000037908554
2026-01-07 15:50:00,1.566055,1.5662950000000002,1.5660250000000002,1.5662250000000002,457.50000286102295
2026-01-07 15:51:00,1.566255,1.566675,1.5662350000000003,1.566615,541.6200050115585
2026-01-07 15:52:00,1.5666000000000002,1.566815,1.5665050000000003,1.5667950000000002,522.1300041675568
2026-01-07 15:53:00,1.5668000000000002,1.5670950000000001,1.5667950000000002,1.567085,577.9500052928925
2026-01-07 15:54:00,1.567085,1.5671500000000003,1.5668250000000001,1.56684,525.6600065231323
2026-01-07 15:55:00,1.5668450000000003,1.5671650000000001,1.5668000000000002,1.5670650000000002,572.6600080728531
2026-01-07 15:56:00,1.567085,1.5672450000000002,1.5670750000000002,1.5672000000000001,550.5600037574768
2026-01-07 15:57:00,1.56719,1.5671950000000001,1.566805,1.5670450000000002,762.6100078821182
2026-01-07 15:58:00,1.5670450000000002,1.5671950000000001,1.567005,1.56705,252.40000545978546
2026-01-07 15:59:00,1.5670350000000002,1.5670450000000002,1.5667750000000003,1.5668100000000003,426.60000467300415
2026-01-07 16:00:00,1.5668100000000003,1.5668350000000002,1.5667,1.5667650000000002,695.2299998998642
2026-01-07 16:01:00,1.5667600000000002,1.56683,1.56663,1.56663,373.0000042915344
2026-01-07 16:02:00,1.56663,1.56664,1.56643,1.566575,459.2400040626526
2026-01-07 16:03:00,1.566595,1.5667750000000003,1.5665750000000003,1.5667300000000002,527.1200021505356
2026-01-07 16:04:00,1.566735,1.5667550000000001,1.5665900000000001,1.566615,354.51000332832336
2026-01-07 16:05:00,1.5666100000000003,1.5668200000000003,1.5666000000000002,1.56682,375.31000220775604
2026-01-07 16:06:00,1.5668000000000002,1.56699,1.5667550000000001,1.566935,355.4200040102005
2026-01-07 16:07:00,1.5669300000000002,1.56699,1.566735,1.5667400000000002,392.3600047826767
2026-01-07 16:08:00,1.566745,1.5668550000000003,1.566675,1.56685,562.8200033903122
2026-01-07 16:09:00,1.5668550000000003,1.5669650000000002,1.566815,1.5668650000000002,317.7700023651123
2026-01-07 16:10:00,1.5668700000000002,1.5669950000000001,1.56682,1.5668700000000002,527.1000052690506
2026-01-07 16:11:00,1.5669050000000002,1.5672350000000002,1.5668800000000003,1.56722,568.6000049114227
2026-01-07 16:12:00,1.567225,1.56758,1.567225,1.5675400000000002,381.47000217437744
2026-01-07 16:13:00,1.56753,1.56765,1.5674800000000002,1.567625,392.98000168800354
2026-01-07 16:14:00,1.56766,1.5678050000000003,1.56766,1.5676850000000002,488.56000447273254
2026-01-07 16:15:00,1.567665,1.567755,1.56743,1.5674350000000001,448.8100035190582
2026-01-07 16:16:00,1.5674200000000003,1.567665,1.5673700000000002,1.56766,233.88000202178955
2026-01-07 16:17:00,1.567675,1.56785,1.5676400000000001,1.5678300000000003,202.8000009059906
2026-01-07 16:18:00,1.5678650000000003,1.5679950000000002,1.5678650000000003,1.5679850000000002,401.3300004005432
2026-01-07 16:19:00,1.5679800000000002,1.5679850000000002,1.56777,1.5677750000000001,349.6800044775009
2026-01-07 16:20:00,1.56777,1.5677850000000002,1.5676400000000001,1.5677,268.73000228405
2026-01-07 16:21:00,1.5677050000000001,1.5677250000000003,1.56746,1.5674750000000002,238.44000208377838
2026-01-07 16:22:00,1.567485,1.5675250000000003,1.567225,1.56731,438.2000033855438
2026-01-07 16:23:00,1.56732,1.567545,1.5673050000000002,1.56746,258.6600030660629
2026-01-07 16:24:00,1.5674450000000002,1.56758,1.5674350000000001,1.5674550000000003,226.98000240325928
2026-01-07 16:25:00,1.56745,1.567555,1.5674350000000001,1.5674450000000002,353.62000274658203
2026-01-07 16:26:00,1.5674400000000002,1.56753,1.5673400000000002,1.567415,257.41000485420227
2026-01-07 16:27:00,1.567425,1.5675150000000002,1.567345,1.567415,194.3000032901764
2026-01-07 16:28:00,1.56743,1.5674800000000002,1.5673650000000001,1.5674350000000001,170.12000238895416
2026-01-07 16:29:00,1.567405,1.5674800000000002,1.567405,1.56743,280.78000366687775
2026-01-07 16:30:00,1.567405,1.567405,1.567015,1.5671300000000001,308.7900047302246
2026-01-07 16:31:00,1.56711,1.5673050000000002,1.5671000000000002,1.5673050000000002,231.33000242710114
2026-01-07 16:32:00,1.56732,1.56732,1.5669750000000002,1.56699,348.53000473976135
2026-01-07 16:33:00,1.5670000000000002,1.56717,1.56685,1.5668550000000003,373.54000556468964
2026-01-07 16:34:00,1.56684,1.56718,1.566815,1.56704,314.7800041437149
2026-01-07 16:35:00,1.5670300000000001,1.5673150000000002,1.56698,1.5672450000000002,245.56000435352325
2026-01-07 16:36:00,1.56726,1.5672800000000002,1.5669850000000003,1.56705,279.730003118515
2026-01-07 16:37:00,1.567055,1.5670800000000003,1.567015,1.5670450000000002,169.23000228405
2026-01-07 16:38:00,1.567015,1.567155,1.5669650000000002,1.56711,337.8400057554245
2026-01-07 16:39:00,1.5671000000000002,1.5671400000000002,1.56697,1.5670000000000002,253.40000355243683
2026-01-07 16:40:00,1.567005,1.567075,1.5668200000000003,1.5668200000000003,230.42000198364258
2026-01-07 16:41:00,1.5667900000000001,1.5669600000000001,1.5667600000000002,1.5668100000000003,190.56000077724457
2026-01-07 16:42:00,1.566805,1.5668100000000003,1.566605,1.566605,354.7300041913986
2026-01-07 16:43:00,1.566605,1.5667750000000003,1.5665850000000001,1.56671,281.4100035429001
2026-01-07 16:44:00,1.5667200000000001,1.566735,1.5666450000000003,1.5666450000000003,89.98000144958496
2026-01-07 16:45:00,1.5666700000000002,1.5668250000000001,1.5666700000000002,1.5667750000000003,88.85000121593475
2026-01-07 16:46:00,1.5667900000000001,1.5671150000000003,1.56677,1.567065,164.39000296592712
2026-01-07 16:47:00,1.5671050000000002,1.5671750000000002,1.567065,1.5671750000000002,70.45000088214874
2026-01-07 16:48:00,1.5671650000000001,1.5672450000000002,1.5671650000000001,1.5672450000000002,41.86000108718872
2026-01-07 16:49:00,1.5672350000000002,1.5672450000000002,1.5670950000000001,1.5671050000000002,123.78000199794769
2026-01-07 16:50:00,1.5670950000000001,1.5670950000000001,1.5669600000000001,1.5669600000000001,95.19000220298767
2026-01-07 16:51:00,1.5669650000000002,1.5671950000000001,1.5669650000000002,1.5670550000000003,114.49000215530396
2026-01-07 16:52:00,1.567065,1.5671750000000002,1.567015,1.5671750000000002,145.74000310897827
2026-01-07 16:53:00,1.5671500000000003,1.56718,1.56709,1.56718,59.70000076293945
2026-01-07 16:54:00,1.5671650000000001,1.56732,1.5671150000000003,1.5672750000000002,143.5900021791458
2026-01-07 16:55:00,1.5672700000000002,1.567415,1.5672550000000003,1.5673250000000003,97.08000147342682
2026-01-07 16:56:00,1.5673850000000003,1.5674200000000003,1.5673250000000003,1.5674200000000003,120.8300005197525
2026-01-07 16:57:00,1.5674200000000003,1.5675750000000002,1.5674200000000003,1.567565,191.00000250339508
2026-01-07 16:58:00,1.567565,1.5676,1.5675050000000001,1.5675350000000001,193.74000084400177
2026-01-07 16:59:00,1.56751,1.56752,1.567335,1.5673500000000002,158.25000274181366
2026-01-07 17:00:00,1.5673450000000002,1.5673450000000002,1.5669300000000002,1.5669300000000002,249.1000028848648
2026-01-07 17:01:00,1.5669300000000002,1.56705,1.5666950000000002,1.566725,504.8000020980835
2026-01-07 17:02:00,1.566725,1.566725,1.5665550000000001,1.5665650000000002,364.0100027322769
2026-01-07 17:03:00,1.5665850000000001,1.566615,1.5664700000000003,1.56657,301.52000176906586
2026-01-07 17:04:00,1.5665650000000002,1.56658,1.566465,1.5664700000000003,155.9199995994568
2026-01-07 17:05:00,1.566475,1.5665750000000003,1.566335,1.5663500000000001,381.1800037622452
2026-01-07 17:06:00,1.5663550000000002,1.566535,1.56629,1.566475,276.4600021839142
2026-01-07 17:07:00,1.5664800000000003,1.5664800000000003,1.5663,1.566465,339.28999841213226
2026-01-07 17:08:00,1.5664650000000002,1.56651,1.5664150000000001,1.5664700000000003,325.7799973487854
2026-01-07 17:09:00,1.566475,1.566505,1.5663600000000002,1.5664150000000001,346.8599991798401
2026-01-07 17:10:00,1.5664200000000001,1.5667300000000002,1.56641,1.5667200000000001,258.0199999809265
2026-01-07 17:11:00,1.566715,1.5668350000000002,1.5666950000000002,1.56683,141.67000126838684
2026-01-07 17:12:00,1.566805,1.5669400000000002,1.56678,1.5669400000000002,214.080002784729
2026-01-07 17:13:00,1.566955,1.567075,1.566955,1.567075,141.41000056266785
2026-01-07 17:14:00,1.5670600000000001,1.5670750000000002,1.5667200000000001,1.5667900000000001,374.61000061035156
2026-01-07 17:15:00,1.566785,1.5668350000000002,1.5667200000000001,1.5667900000000001,225.8500016927719
2026-01-07 17:16:00,1.56678,1.5669300000000002,1.5667200000000001,1.5667200000000001,268.2800010442734
2026-01-07 17:17:00,1.5667150000000003,1.56675,1.56658,1.5666600000000002,249.8900021314621
2026-01-07 17:18:00,1.56665,1.566815,1.56663,1.566785,171.64000117778778
2026-01-07 17:19:00,1.566805,1.5668350000000002,1.566615,1.566615,97.17000150680542
2026-01-07 17:20:00,1.56664,1.566685,1.56655,1.566615,184.77000176906586
2026-01-07 17:21:00,1.56663,1.5666350000000002,1.5665400000000003,1.5665850000000001,128.450000166893
2026-01-07 17:22:00,1.56658,1.566615,1.56649,1.566595,267.75000166893005
2026-01-07 17:23:00,1.56657,1.5665850000000001,1.566475,1.566475,138.37000167369843
2026-01-07 17:24:00,1.566455,1.5665200000000001,1.5663650000000002,1.5664550000000002,270.7000011205673
2026-01-07 17:25:00,1.56643,1.56643,1.5663,1.5663200000000002,163.83000087738037
2026-01-07 17:26:00,1.566325,1.5664950000000002,1.5663200000000002,1.5663650000000002,228.73999989032745
2026-01-07 17:27:00,1.566335,1.5664350000000002,1.566335,1.56638,173.32999920845032
2026-01-07 17:28:00,1.5663850000000001,1.5664850000000001,1.5663500000000001,1.5664000000000002,265.9499989748001
2026-01-07 17:29:00,1.566405,1.5664200000000001,1.56617,1.5661800000000001,237.12000119686127
2026-01-07 17:30:00,1.56617,1.5661800000000001,1.5657550000000002,1.5658500000000002,424.330002784729
2026-01-07 17:31:00,1.56587,1.5660900000000002,1.5658500000000002,1.566075,422.3800015449524
2026-01-07 17:32:00,1.5660600000000002,1.5661650000000003,1.56604,1.5661550000000002,132.55000257492065
2026-01-07 17:33:00,1.56614,1.56623,1.5661300000000002,1.5661750000000003,84.19000113010406
2026-01-07 17:34:00,1.5661900000000002,1.5663300000000002,1.5660450000000001,1.5661650000000003,176.08000242710114
2026-01-07 17:35:00,1.56616,1.5662350000000003,1.5661200000000002,1.56623,213.90000081062317
2026-01-07 17:36:00,1.5662350000000003,1.5663,1.5661650000000003,1.5662250000000002,117.30000078678131
2026-01-07 17:37:00,1.5662150000000001,1.566255,1.5662000000000003,1.5662200000000002,41.80000019073486
2026-01-07 17:38:00,1.56623,1.5662600000000002,1.566175,1.5662450000000003,80.11000049114227
2026-01-07 17:39:00,1.56624,1.566325,1.566205,1.5662250000000002,72.75000131130219
2026-01-07 17:40:00,1.566205,1.5662950000000002,1.5661650000000003,1.5662950000000002,93.73000180721283
2026-01-07 17:41:00,1.5662850000000001,1.566325,1.5662450000000003,1.5662450000000003,86.44000113010406
2026-01-07 17:42:00,1.56623,1.5664250000000002,1.56623,1.5664250000000002,80.42000138759613
2026-01-07 17:43:00,1.566455,1.56658,1.5664350000000002,1.5665200000000001,149.32000255584717
2026-01-07 17:44:00,1.566535,1.5665750000000003,1.56643,1.56643,90.35000145435333
2026-01-07 17:45:00,1.5664250000000002,1.5664800000000003,1.566265,1.5664150000000001,316.2200014591217
2026-01-07 17:46:00,1.56641,1.56641,1.5662350000000003,1.5662350000000003,241.37000143527985
2026-01-07 17:47:00,1.5662550000000002,1.5662600000000002,1.5661650000000003,1.56622,121.7400016784668
2026-01-07 17:48:00,1.566205,1.56631,1.566205,1.56623,153.59000313282013
2026-01-07 17:49:00,1.566255,1.5663500000000001,1.566245,1.5663400000000003,78.08000123500824
2026-01-07 17:50:00,1.5663400000000003,1.5663400000000003,1.5661100000000001,1.5661300000000002,83.11000192165375
2026-01-07 17:51:00,1.5661550000000002,1.5664150000000001,1.5661450000000001,1.56637,215.59000277519226
2026-01-07 17:52:00,1.5663550000000002,1.5664150000000001,1.5663050000000003,1.5663500000000001,112.76000189781189
2026-01-07 17:53:00,1.5663500000000001,1.56638,1.56631,1.56631,88.98000156879425
2026-01-07 17:54:00,1.5663200000000002,1.5663200000000002,1.5661900000000002,1.56623,128.50000166893005
2026-01-07 17:55:00,1.5662150000000001,1.5664350000000002,1.5662150000000001,1.5664100000000003,167.32000303268433
2026-01-07 17:56:00,1.5664250000000002,1.5665200000000001,1.5664250000000002,1.5664850000000001,89.37000119686127
2026-01-07 17:57:00,1.566475,1.56649,1.566245,1.566245,160.32000124454498
2026-01-07 17:58:00,1.5662350000000003,1.5662500000000001,1.5662000000000003,1.5662250000000002,69.04000115394592
2026-01-07 17:59:00,1.56623,1.5663300000000002,1.5661300000000002,1.566205,215.86000311374664
2026-01-07 18:00:00,1.56621,1.566275,1.5662000000000003,1.5662450000000003,138.7300009727478
2026-01-07 18:01:00,1.5662350000000003,1.5665,1.5662350000000003,1.5664600000000002,181.15000069141388
2026-01-07 18:02:00,1.5664500000000001,1.5664900000000002,1.566345,1.566345,170.1700016260147
2026-01-07 18:03:00,1.56636,1.5664250000000002,1.5663200000000002,1.566345,109.34000170230865
2026-01-07 18:04:00,1.566345,1.566345,1.5661300000000002,1.5661550000000002,120.78000116348267
2026-01-07 18:05:00,1.5661450000000001,1.5661450000000001,1.56597,1.566055,154.02000224590302
2026-01-07 18:06:00,1.566065,1.5661750000000003,1.566065,1.566135,86.74000144004822
2026-01-07 18:07:00,1.566125,1.5661300000000002,1.5660200000000002,1.56603,96.77000105381012
2026-01-07 18:08:00,1.5660600000000002,1.566265,1.5660600000000002,1.5662450000000003,205.20000326633453
2026-01-07 18:09:00,1.5662350000000003,1.5663200000000002,1.5662150000000001,1.5662350000000003,112.26000225543976
2026-01-07 18:10:00,1.5662150000000001,1.5663850000000001,1.5662150000000001,1.56634,58.720000982284546
2026-01-07 18:11:00,1.5663600000000002,1.5664850000000001,1.5663550000000002,1.5664700000000003,125.73000168800354
2026-01-07 18:12:00,1.56648,1.56648,1.5663850000000001,1.566465,143.1000028848648
2026-01-07 18:13:00,1.566475,1.56649,1.56634,1.5663650000000002,114.05000138282776
2026-01-07 18:14:00,1.5663850000000001,1.5664250000000002,1.566325,1.5663850000000001,80.48000085353851
2026-01-07 18:15:00,1.56638,1.5664800000000003,1.56637,1.5664600000000002,256.1200009584427
2026-01-07 18:16:00,1.5664550000000002,1.566615,1.5664550000000002,1.566605,268.80000138282776
2026-01-07 18:17:00,1.5666000000000002,1.5666250000000002,1.5665650000000002,1.566615,70.52000045776367
2026-01-07 18:18:00,1.566615,1.56668,1.5663550000000002,1.5664000000000002,121.91000175476074
2026-01-07 18:19:00,1.566395,1.5664150000000001,1.5663500000000001,1.5664150000000001,68.11000144481659
2026-01-07 18:20:00,1.5664100000000003,1.5664900000000002,1.5663900000000002,1.5664800000000003,164.07000160217285
2026-01-07 18:21:00,1.5665050000000003,1.5666350000000002,1.56649,1.56657,182.9900016784668
2026-01-07 18:22:00,1.5665600000000002,1.566615,1.5665600000000002,1.5665950000000002,55.28000068664551
2026-01-07 18:23:00,1.56658,1.5666250000000002,1.56658,1.5666000000000002,156.70000207424164
2026-01-07 18:24:00,1.5665850000000001,1.5667200000000001,1.56658,1.566605,184.5700000524521
2026-01-07 18:25:00,1.5666000000000002,1.5666250000000002,1.5665850000000001,1.5666000000000002,183.73000037670135
2026-01-07 18:26:00,1.566595,1.566595,1.5664850000000001,1.566535,105.65000069141388
2026-01-07 18:27:00,1.566545,1.566615,1.566545,1.566615,49.75000059604645
2026-01-07 18:28:00,1.5666100000000003,1.56664,1.5665550000000001,1.56657,103.34000098705292
2026-01-07 18:29:00,1.5665900000000001,1.5666200000000001,1.56658,1.566605,179.92000222206116
2026-01-07 18:30:00,1.566615,1.5667250000000001,1.566605,1.566665,172.5100018978119
2026-01-07 18:31:00,1.5666700000000002,1.566715,1.56665,1.5666600000000002,154.87000358104706
2026-01-07 18:32:00,1.5666600000000002,1.566735,1.5666600000000002,1.56671,106.77000141143799
2026-01-07 18:33:00,1.56671,1.56677,1.5666900000000001,1.56675,161.63000190258026
2026-01-07 18:34:00,1.566745,1.56677,1.5666900000000001,1.5667250000000001,94.44000148773193
2026-01-07 18:35:00,1.5667650000000002,1.5668800000000003,1.5667600000000002,1.5668450000000003,179.98000192642212
2026-01-07 18:36:00,1.5668350000000002,1.56684,1.5667750000000003,1.5668300000000002,89.24000060558319
2026-01-07 18:37:00,1.5668300000000002,1.56684,1.56682,1.56684,38.37000107765198
2026-01-07 18:38:00,1.566875,1.566885,1.566725,1.5667300000000002,110.30000185966492
2026-01-07 18:39:00,1.566735,1.5668350000000002,1.566725,1.566735,71.59000062942505
2026-01-07 18:40:00,1.5667400000000002,1.56678,1.5666550000000001,1.5667650000000002,128.60000157356262
2026-01-07 18:41:00,1.5667900000000001,1.566815,1.5666800000000003,1.5666900000000001,138.9000015258789
2026-01-07 18:42:00,1.56671,1.566735,1.566595,1.5666100000000003,59.970001459121704
2026-01-07 18:43:00,1.5665650000000002,1.566605,1.56651,1.566605,108.21000134944916
2026-01-07 18:44:00,1.56661,1.566675,1.5666000000000002,1.5666550000000001,238.62999868392944
2026-01-07 18:45:00,1.56665,1.5668700000000002,1.56665,1.5668700000000002,282.14000141620636
2026-01-07 18:46:00,1.5668700000000002,1.5668700000000002,1.56677,1.56677,163.71000015735626
2026-01-07 18:47:00,1.5667550000000001,1.566795,1.5666550000000001,1.566675,107.74000179767609
2026-01-07 18:48:00,1.566665,1.566665,1.56658,1.56658,72.97000062465668
2026-01-07 18:49:00,1.5665650000000002,1.56671,1.566525,1.56671,116.91000175476074
2026-01-07 18:50:00,1.566725,1.5668450000000003,1.5667150000000003,1.5668350000000002,55.82000136375427
2026-01-07 18:51:00,1.5668600000000001,1.5668950000000001,1.5668600000000001,1.5668800000000003,32.980000734329224
2026-01-07 18:52:00,1.566855,1.5668600000000001,1.566745,1.5667550000000001,105.68000161647797
2026-01-07 18:53:00,1.56677,1.56677,1.5666350000000002,1.5666450000000003,63.66000163555145
2026-01-07 18:54:00,1.5666600000000002,1.5667400000000002,1.5666450000000003,1.5666900000000001,54.08000099658966
2026-01-07 18:55:00,1.566675,1.566805,1.5666450000000003,1.5667500000000003,139.85000205039978
2026-01-07 18:56:00,1.5667550000000001,1.5668550000000003,1.5667550000000001,1.56684,119.56000185012817
2026-01-07 18:57:00,1.56685,1.566875,1.5667550000000001,1.56684,205.39000368118286
2026-01-07 18:58:00,1.56685,1.56699,1.56685,1.56699,89.19000124931335
2026-01-07 18:59:00,1.56698,1.56704,1.5669250000000001,1.5669750000000002,226.30000138282776
2026-01-07 19:00:00,1.5669850000000003,1.5670000000000002,1.56692,1.56698,109.20000159740448
2026-01-07 19:01:00,1.56699,1.56705,1.5669750000000002,1.56699,227.4300022125244
2026-01-07 19:02:00,1.56698,1.56699,1.56684,1.5668550000000003,129.220001578331
2026-01-07 19:03:00,1.56684,1.56699,1.56684,1.56698,116.2500022649765
2026-01-07 19:04:00,1.5670100000000002,1.5670300000000001,1.5669300000000002,1.5669300000000002,53.02000105381012
2026-01-07 19:05:00,1.5669400000000002,1.567075,1.5669400000000002,1.56698,176.0600014925003
2026-01-07 19:06:00,1.5669750000000002,1.5670000000000002,1.5669500000000003,1.5669750000000002,138.93000316619873
2026-01-07 19:07:00,1.5669750000000002,1.567085,1.5669750000000002,1.567085,87.44000101089478
2026-01-07 19:08:00,1.5670950000000001,1.567135,1.5670600000000001,1.567085,227.29000210762024
2026-01-07 19:09:00,1.5670800000000003,1.5674450000000002,1.5670800000000003,1.56732,284.8600023984909
2026-01-07 19:10:00,1.56731,1.5673400000000002,1.5672300000000001,1.5673250000000003,258.2200028896332
2026-01-07 19:11:00,1.56732,1.56732,1.5671750000000002,1.567185,149.70000231266022
2026-01-07 19:12:00,1.56718,1.5672450000000002,1.5670650000000002,1.5671350000000002,201.3500030040741
2026-01-07 19:13:00,1.56712,1.5671650000000001,1.5670050000000002,1.5670200000000003,515.0100049972534
2026-01-07 19:14:00,1.5669850000000003,1.5670600000000001,1.566915,1.56692,393.1000027656555
2026-01-07 19:15:00,1.5669350000000002,1.5670450000000002,1.5668950000000001,1.5670450000000002,316.4499999284744
2026-01-07 19:16:00,1.5670400000000002,1.5672100000000002,1.5670400000000002,1.567135,433.5199999809265
2026-01-07 19:17:00,1.567145,1.567145,1.5670100000000002,1.567055,247.6300003528595
2026-01-07 19:18:00,1.5670600000000001,1.5671950000000001,1.5670300000000001,1.5671750000000002,151.3000010251999
2026-01-07 19:19:00,1.5671950000000001,1.5672300000000001,1.56717,1.5672200000000003,242.5099995136261
2026-01-07 19:20:00,1.5672200000000003,1.5672300000000001,1.5671750000000002,1.5672000000000001,115.96000003814697
2026-01-07 19:21:00,1.56719,1.567295,1.5671750000000002,1.567255,214.99000144004822
2026-01-07 19:22:00,1.5672350000000002,1.56736,1.5672200000000003,1.5673150000000002,258.01000332832336
2026-01-07 19:23:00,1.56731,1.567345,1.567295,1.5673150000000002,160.4000016450882
2026-01-07 19:24:00,1.5673400000000002,1.5673650000000001,1.5673250000000003,1.5673650000000001,102.01000106334686
2026-01-07 19:25:00,1.56736,1.5673650000000001,1.567295,1.5673050000000002,58.660001039505005
2026-01-07 19:26:00,1.5673150000000002,1.5673950000000003,1.5672350000000002,1.567295,149.170001745224
2026-01-07 19:27:00,1.5673050000000002,1.56739,1.5673050000000002,1.567355,110.1400009393692
2026-01-07 19:28:00,1.567335,1.5674550000000003,1.5673050000000002,1.5674350000000001,178.02000057697296
2026-01-07 19:29:00,1.56743,1.5674650000000003,1.567415,1.5674650000000003,70.34000039100647
2026-01-07 19:30:00,1.5674800000000002,1.5675500000000002,1.5674800000000002,1.56753,79.54000091552734
2026-01-07 19:31:00,1.567545,1.567615,1.56753,1.567545,97.12000107765198
2026-01-07 19:32:00,1.567555,1.567565,1.5675500000000002,1.5675500000000002,49.480000734329224
2026-01-07 19:33:00,1.5675350000000001,1.5675600000000003,1.56753,1.5675500000000002,54.049999833106995
2026-01-07 19:34:00,1.5675350000000001,1.5675600000000003,1.5675350000000001,1.567555,26.99000060558319
2026-01-07 19:35:00,1.5675600000000003,1.567565,1.5674350000000001,1.56746,81.76000082492828
2026-01-07 19:36:00,1.56745,1.5674800000000002,1.567415,1.567415,98.56000125408173
2026-01-07 19:37:00,1.5674300000000003,1.5674300000000003,1.567335,1.5673750000000002,122.52000153064728
2026-01-07 19:38:00,1.5674100000000002,1.56746,1.567405,1.567425,64.10000097751617
2026-01-07 19:39:00,1.5674200000000003,1.5674300000000003,1.5673150000000002,1.5673250000000003,54.08000063896179
2026-01-07 19:40:00,1.5673150000000002,1.567425,1.5673150000000002,1.567415,46.760000348091125
2026-01-07 19:41:00,1.567425,1.56746,1.5674100000000002,1.56745,93.09000051021576
2026-01-07 19:42:00,1.5674400000000002,1.56746,1.56736,1.5673850000000003,83.2300009727478
2026-01-07 19:43:00,1.567405,1.567485,1.5673750000000002,1.567415,112.2300009727478
2026-01-07 19:44:00,1.5674200000000003,1.5675000000000001,1.5674200000000003,1.5674800000000002,72.54000079631805
2026-01-07 19:45:00,1.567485,1.56753,1.56745,1.56753,155.75000202655792
2026-01-07 19:46:00,1.5675350000000001,1.567565,1.5675250000000003,1.56753,95.85000157356262
2026-01-07 19:47:00,1.567545,1.567555,1.567475,1.5674900000000003,122.10000097751617
2026-01-07 19:48:00,1.5675000000000001,1.5675000000000001,1.5674200000000003,1.56743,164.7300009727478
2026-01-07 19:49:00,1.5674200000000003,1.56746,1.567415,1.5674200000000003,120.7300009727478
2026-01-07 19:50:00,1.56743,1.5675250000000003,1.567425,1.56746,192.93000197410583
2026-01-07 19:51:00,1.5674650000000003,1.567475,1.567425,1.56745,147.07000184059143
2026-01-07 19:52:00,1.5674400000000002,1.5674450000000002,1.56738,1.567425,102.14000117778778
2026-01-07 19:53:00,1.567415,1.56745,1.567345,1.5674400000000002,181.39000141620636
2026-01-07 19:54:00,1.56743,1.56743,1.5672350000000002,1.5673150000000002,207.30000185966492
2026-01-07 19:55:00,1.5673300000000001,1.567425,1.5673050000000002,1.5673150000000002,347.96000158786774
2026-01-07 19:56:00,1.56732,1.56732,1.5672900000000003,1.56732,73.77999973297119
2026-01-07 19:57:00,1.5673150000000002,1.567335,1.56731,1.5673300000000001,146.64000153541565
2026-01-07 19:58:00,1.5673250000000003,1.5674400000000002,1.5673250000000003,1.5674300000000003,157.4300011396408
2026-01-07 19:59:00,1.5674400000000002,1.567475,1.567405,1.567405,335.0700023174286
2026-01-07 20:00:00,1.5673700000000002,1.5675700000000001,1.5673050000000002,1.5674650000000003,275.2000015974045
2026-01-07 20:01:00,1.5674550000000003,1.5674650000000003,1.5673300000000001,1.5673300000000001,85.15000212192535
2026-01-07 20:02:00,1.567355,1.567355,1.5673150000000002,1.5673250000000003,92.69000017642975
2026-01-07 20:03:00,1.5673300000000001,1.5673400000000002,1.567275,1.567285,209.28000259399414
2026-01-07 20:04:00,1.5672900000000003,1.5673250000000003,1.56724,1.5673000000000001,182.0800017118454
2026-01-07 20:05:00,1.56731,1.567425,1.5673050000000002,1.567425,214.50000095367432
2026-01-07 20:06:00,1.5674400000000002,1.567475,1.56731,1.5673150000000002,290.2100023031235
2026-01-07 20:07:00,1.567325,1.5674400000000002,1.5673150000000002,1.5674350000000001,199.71000123023987
2026-01-07 20:08:00,1.5674450000000002,1.5675400000000002,1.5674350000000001,1.5675050000000001,156.95000278949738
2026-01-07 20:09:00,1.5675150000000002,1.5675150000000002,1.5674350000000001,1.56744,61.93000042438507
2026-01-07 20:10:00,1.56744,1.5674550000000003,1.5674100000000002,1.56744,73.21000051498413
2026-01-07 20:11:00,1.5674650000000003,1.5674650000000003,1.5674050000000002,1.56743,41.74000060558319
2026-01-07 20:12:00,1.5674200000000003,1.567485,1.567415,1.567475,45.69000041484833
2026-01-07 20:13:00,1.5675000000000001,1.567565,1.5674750000000002,1.5675400000000002,39.05000054836273
2026-01-07 20:14:00,1.567555,1.5676300000000003,1.56753,1.5676300000000003,115.53000056743622
2026-01-07 20:15:00,1.56765,1.5677150000000002,1.5676050000000001,1.5677050000000001,112.30000042915344
2026-01-07 20:16:00,1.567695,1.5677250000000003,1.5676550000000002,1.5677100000000002,105.01000165939331
2026-01-07 20:17:00,1.56772,1.56772,1.5675750000000002,1.5675750000000002,45.070000886917114
2026-01-07 20:18:00,1.567565,1.567565,1.5675250000000003,1.56753,58.93000137805939
2026-01-07 20:19:00,1.567545,1.5675750000000002,1.5675050000000001,1.567565,79.74000072479248
2026-01-07 20:20:00,1.5675750000000002,1.56758,1.5675600000000003,1.567565,60.49000060558319
2026-01-07 20:21:00,1.56758,1.567615,1.567565,1.5675850000000002,44.27000033855438
2026-01-07 20:22:00,1.5675950000000003,1.5676,1.5675400000000002,1.5675850000000002,56.89000058174133
2026-01-07 20:23:00,1.5676200000000002,1.567695,1.5676200000000002,1.567675,35.74000084400177
2026-01-07 20:24:00,1.5676900000000002,1.5676900000000002,1.5676650000000003,1.567675,32.2800008058548
2026-01-07 20:25:00,1.567685,1.5677500000000002,1.567675,1.5677400000000001,167.34000039100647
2026-01-07 20:26:00,1.567745,1.5678100000000001,1.56773,1.5678050000000003,82.160001039505
2026-01-07 20:27:00,1.56779,1.567815,1.5677800000000002,1.5678050000000003,104.10000038146973
2026-01-07 20:28:00,1.5678,1.5678050000000003,1.5677250000000003,1.5677800000000002,39.320000767707825
2026-01-07 20:29:00,1.5677950000000003,1.56786,1.5677950000000003,1.5678200000000002,35.46000099182129
2026-01-07 20:30:00,1.567835,1.5678800000000002,1.5677750000000001,1.567815,91.17000186443329
2026-01-07 20:31:00,1.5678450000000002,1.5678450000000002,1.56779,1.56779,80.15000092983246
2026-01-07 20:32:00,1.56778,1.56779,1.567685,1.56773,128.62000060081482
2026-01-07 20:33:00,1.5677150000000002,1.56777,1.5677050000000001,1.567765,75.27000164985657
2026-01-07 20:34:00,1.5677500000000002,1.5677600000000003,1.5676650000000003,1.5676800000000002,41.45000100135803
2026-01-07 20:35:00,1.567685,1.5677950000000003,1.567685,1.5677750000000001,56.39000070095062
2026-01-07 20:36:00,1.567755,1.567825,1.567755,1.5678,70.99000120162964
2026-01-07 20:37:00,1.56779,1.5678400000000001,1.5677700000000003,1.5678,81.38000047206879
2026-01-07 20:38:00,1.5678050000000001,1.5678100000000001,1.5676700000000001,1.5676700000000001,103.42000031471252
2026-01-07 20:39:00,1.5676700000000001,1.5676750000000002,1.56764,1.56766,107.87999880313873
2026-01-07 20:40:00,1.567665,1.5677150000000002,1.567665,1.5676750000000002,130.7099974155426
2026-01-07 20:41:00,1.5676750000000002,1.5676800000000002,1.5676550000000002,1.567665,151.88999831676483
2026-01-07 20:42:00,1.56766,1.567685,1.5676450000000002,1.5676750000000002,120.76999890804291
2026-01-07 20:43:00,1.5676750000000002,1.5677750000000001,1.56766,1.5677750000000001,63.360000252723694
2026-01-07 20:44:00,1.567765,1.5677800000000002,1.5677050000000001,1.5677050000000001,55.100000858306885
2026-01-07 20:45:00,1.56772,1.5677600000000003,1.56772,1.56772,98.48000061511993
2026-01-07 20:46:00,1.56773,1.5677450000000002,1.56765,1.56765,55.980000019073486
2026-01-07 20:47:00,1.5676550000000002,1.5676900000000002,1.567565,1.5676700000000001,179.53999960422516
2026-01-07 20:48:00,1.567665,1.5677800000000002,1.567665,1.567765,90.52999997138977
2026-01-07 20:49:00,1.5677250000000003,1.5678450000000002,1.56772,1.5678300000000003,67.82000041007996
2026-01-07 20:50:00,1.5678450000000002,1.56785,1.5677850000000002,1.5677850000000002,59.730000257492065
2026-01-07 20:51:00,1.5677750000000001,1.56787,1.5677750000000001,1.5678450000000002,101.48000001907349
2026-01-07 20:52:00,1.5678650000000003,1.567895,1.5678550000000002,1.56787,140.66000056266785
2026-01-07 20:53:00,1.56787,1.56787,1.5678050000000001,1.5678050000000003,55.690001010894775
2026-01-07 20:54:00,1.5677850000000002,1.5678200000000002,1.5677850000000002,1.5678100000000001,32.450000166893005
2026-01-07 20:55:00,1.5678300000000003,1.5678300000000003,1.56779,1.5678050000000001,47.46000075340271
2026-01-07 20:56:00,1.567815,1.5678400000000001,1.5677750000000001,1.567835,72.90000116825104
2026-01-07 20:57:00,1.56783,1.567835,1.5677850000000002,1.5677850000000002,53.46999979019165
2026-01-07 20:58:00,1.5677850000000002,1.5678100000000001,1.5677800000000002,1.5677950000000003,57.15999984741211
2026-01-07 20:59:00,1.5678,1.5678750000000001,1.5677500000000002,1.5677500000000002,119.01999872922897
2026-01-07 21:00:00,1.567755,1.567825,1.567745,1.5678,123.1799978017807
2026-01-07 21:01:00,1.5678050000000003,1.5678150000000002,1.5677850000000002,1.5678150000000002,35.81999933719635
2026-01-07 21:02:00,1.5678100000000001,1.56787,1.5678050000000003,1.5678200000000002,64.9799992442131
2026-01-07 21:03:00,1.567825,1.5678300000000003,1.5678100000000001,1.567815,48.23999905586243
2026-01-07 21:04:00,1.567825,1.5678500000000002,1.5678050000000001,1.5678400000000001,71.99999916553497
2026-01-07 21:05:00,1.5678500000000002,1.5678800000000002,1.5678500000000002,1.56787,19.87000024318695
2026-01-07 21:06:00,1.56786,1.5679800000000002,1.56786,1.5679800000000002,128.60999882221222
2026-01-07 21:07:00,1.56799,1.56799,1.5679150000000002,1.5679450000000001,225.2900012731552
2026-01-07 21:08:00,1.5679450000000001,1.5679850000000002,1.5679450000000001,1.5679800000000002,95.03999984264374
2026-01-07 21:09:00,1.56799,1.56799,1.5679400000000001,1.5679400000000001,170.3300005197525
2026-01-07 21:10:00,1.5679400000000001,1.5679450000000001,1.5679100000000001,1.56792,54.81999981403351
2026-01-07 21:11:00,1.56792,1.5679350000000003,1.56792,1.5679350000000003,23.139999389648438
2026-01-07 21:12:00,1.5679100000000001,1.5679250000000002,1.5679100000000001,1.56792,11.640000343322754
2026-01-07 21:13:00,1.5679500000000002,1.5679500000000002,1.5679150000000002,1.5679250000000002,33.9799998998642
2026-01-07 21:14:00,1.56793,1.5679500000000002,1.5679250000000002,1.5679500000000002,44.459999561309814
2026-01-07 21:15:00,1.5679500000000002,1.567955,1.5679450000000001,1.5679500000000002,13.96999967098236
2026-01-07 21:16:00,1.567955,1.5679750000000001,1.567955,1.5679750000000001,55.84000062942505
2026-01-07 21:17:00,1.56797,1.56797,1.5679550000000002,1.5679550000000002,16.18999993801117
2026-01-07 21:18:00,1.5679600000000002,1.5679600000000002,1.567935,1.5679400000000001,36.12000036239624
2026-01-07 21:19:00,1.5679500000000002,1.56797,1.5679500000000002,1.567955,21.320000767707825
2026-01-07 21:20:00,1.5679450000000001,1.5679750000000001,1.5679450000000001,1.5679750000000001,31.31000006198883
2026-01-07 21:21:00,1.5679600000000002,1.567965,1.567955,1.567955,22.389999747276306
2026-01-07 21:22:00,1.567955,1.567955,1.567955,1.567955,2.4000000953674316
2026-01-07 21:23:00,1.5679750000000001,1.5679750000000001,1.5679450000000001,1.5679500000000002,55.16000020503998
2026-01-07 21:24:00,1.5679450000000001,1.5679450000000001,1.5679450000000001,1.5679450000000001,3.319999933242798
2026-01-07 21:25:00,1.5679500000000002,1.5679700000000003,1.5679450000000001,1.567955,53.439998745918274
2026-01-07 21:26:00,1.5679500000000002,1.5679750000000001,1.5679500000000002,1.5679500000000002,29.699999809265137
2026-01-07 21:27:00,1.5679500000000002,1.5679600000000002,1.5679250000000002,1.567935,39.50999891757965
2026-01-07 21:28:00,1.5679400000000001,1.5679850000000002,1.5679400000000001,1.567965,146.52999889850616
2026-01-07 21:29:00,1.567965,1.5679750000000001,1.5679450000000001,1.5679500000000002,110.81000006198883
2026-01-07 21:30:00,1.5679500000000002,1.568,1.5679500000000002,1.5679700000000003,170.78000044822693
2026-01-07 21:31:00,1.5679600000000002,1.56799,1.5679500000000002,1.5679500000000002,58.0300008058548
2026-01-07 21:32:00,1.5679750000000001,1.5679950000000002,1.5679450000000001,1.5679500000000002,88.66999936103821
2026-01-07 21:33:00,1.5679600000000002,1.56799,1.5679500000000002,1.5679800000000002,164.94000005722046
2026-01-07 21:34:00,1.5679850000000002,1.56799,1.56797,1.5679800000000002,302.94000005722046
2026-01-07 21:35:00,1.5679800000000002,1.5679950000000002,1.5679400000000001,1.567955,247.42999792099
2026-01-07 21:36:00,1.5679500000000002,1.5679600000000002,1.5679400000000001,1.567955,49.89999961853027
2026-01-07 21:37:00,1.5679600000000002,1.56799,1.567955,1.56797,99.43000018596649
2026-01-07 21:38:00,1.5679750000000001,1.568,1.5679400000000001,1.5679400000000001,56.7400004863739
2026-01-07 21:39:00,1.5679400000000001,1.5679750000000001,1.567815,1.567815,52.980000376701355
2026-01-07 21:40:00,1.5678150000000002,1.5678150000000002,1.5678050000000003,1.5678050000000003,22.440000414848328
2026-01-07 21:41:00,1.5678050000000003,1.567815,1.5678050000000003,1.5678050000000003,21.259999990463257
2026-01-07 21:42:00,1.5678050000000001,1.5678200000000002,1.5678,1.5678200000000002,58.999999046325684
2026-01-07 21:43:00,1.5678200000000002,1.5678550000000002,1.567815,1.567815,23.640000343322754
2026-01-07 21:44:00,1.5678100000000001,1.5678100000000001,1.5678100000000001,1.5678100000000001,6.639999866485596
2026-01-07 21:46:00,1.5678100000000001,1.567825,1.5677600000000003,1.56777,35.75999999046326
2026-01-07 21:47:00,1.5677750000000001,1.56779,1.5677750000000001,1.5677750000000001,19.59999990463257
2026-01-07 21:48:00,1.5677600000000003,1.5677600000000003,1.5676800000000002,1.567695,64.89999997615814
2026-01-07 21:49:00,1.5676850000000002,1.5677050000000001,1.5676700000000001,1.5676700000000001,60.619999051094055
2026-01-07 21:50:00,1.5676800000000002,1.567755,1.56763,1.56773,78.4099999666214
2026-01-07 21:51:00,1.56772,1.5677450000000002,1.5677050000000001,1.567735,22.31999969482422
2026-01-07 21:52:00,1.5677150000000002,1.56773,1.5676550000000002,1.567695,70.8199999332428
2026-01-07 21:53:00,1.5677,1.5677100000000002,1.5676700000000001,1.5676800000000002,35.78999984264374
2026-01-07 21:54:00,1.567665,1.567685,1.5675800000000002,1.5675800000000002,65.65000009536743
2026-01-07 21:55:00,1.5676150000000002,1.5676700000000001,1.5675750000000002,1.5676500000000002,66.13000118732452
2026-01-07 21:56:00,1.567665,1.5676750000000002,1.5676550000000002,1.5676550000000002,50.880001068115234
2026-01-07 21:57:00,1.5676500000000002,1.56773,1.56765,1.56773,152.67000150680542
2026-01-07 21:58:00,1.5677350000000003,1.5678100000000001,1.567565,1.5675850000000002,216.96000146865845
2026-01-07 21:59:00,1.5675850000000002,1.5677400000000001,1.56752,1.5676150000000002,258.3500007688999
2026-01-07 22:00:00,1.5676050000000001,1.5676400000000001,1.567485,1.5675450000000002,16.109999775886536
2026-01-07 22:05:00,1.5675500000000002,1.5675500000000002,1.5675500000000002,1.5675500000000002,2.4000000953674316
2026-01-07 22:06:00,1.5675450000000002,1.5675450000000002,1.5675350000000001,1.5675450000000002,7.200000286102295
2026-01-07 22:09:00,1.5673400000000002,1.5673850000000003,1.56719,1.56738,21.480000495910645
2026-01-07 22:10:00,1.5674050000000002,1.5674050000000002,1.5674050000000002,1.5674050000000002,3.6000001430511475
2026-01-07 22:11:00,1.5674550000000003,1.5674550000000003,1.56745,1.56745,4.800000190734863
2026-01-07 22:12:00,1.5674550000000003,1.5674550000000003,1.5674550000000003,1.5674550000000003,2.4000000953674316
2026-01-07 22:13:00,1.567455,1.567455,1.567455,1.567455,3.0
2026-01-07 22:14:00,1.567495,1.5675850000000002,1.567495,1.5675850000000002,9.600000381469727
2026-01-07 22:15:00,1.56758,1.56758,1.56758,1.56758,7.800000190734863
2026-01-07 22:20:00,1.56758,1.5675800000000002,1.56758,1.56758,10.800000190734863
2026-01-07 22:21:00,1.56758,1.56758,1.56758,1.56758,5.400000095367432
2026-01-07 22:22:00,1.56758,1.56758,1.56758,1.56758,8.400000095367432
2026-01-07 22:23:00,1.567565,1.567565,1.567555,1.567555,12.149999976158142
2026-01-07 22:24:00,1.567555,1.567565,1.5673850000000003,1.5674050000000002,26.400000393390656
2026-01-07 22:25:00,1.567395,1.567395,1.5673000000000001,1.5673000000000001,22.65000057220459
2026-01-07 22:27:00,1.56725,1.56725,1.5672450000000002,1.5672450000000002,4.950000166893005
2026-01-07 22:29:00,1.56725,1.56725,1.56724,1.56724,4.800000190734863
2026-01-07 22:30:00,1.5672350000000002,1.56724,1.5672350000000002,1.56724,16.200000286102295
2026-01-07 22:31:00,1.567255,1.567285,1.5671150000000003,1.5671650000000001,83.55000233650208
2026-01-07 22:34:00,1.56716,1.5671650000000001,1.56716,1.5671650000000001,11.850000143051147
2026-01-07 22:35:00,1.56716,1.5671650000000001,1.56716,1.5671650000000001,5.400000095367432
2026-01-07 22:36:00,1.56716,1.56716,1.567155,1.567155,5.1000001430511475
2026-01-07 22:37:00,1.56716,1.5671650000000001,1.567145,1.5671500000000003,22.950000643730164
2026-01-07 22:38:00,1.5671300000000001,1.5671650000000001,1.5671050000000002,1.5671050000000002,25.500000715255737
2026-01-07 22:39:00,1.56692,1.56692,1.5665650000000002,1.56678,176.5500020980835
2026-01-07 22:40:00,1.566805,1.567075,1.566805,1.56697,163.3500030040741
2026-01-07 22:41:00,1.5669750000000002,1.5670750000000002,1.56697,1.5670600000000001,169.6800022125244
2026-01-07 22:42:00,1.56705,1.567345,1.5670350000000002,1.5673400000000002,55.650001764297485
2026-01-07 22:43:00,1.5673650000000001,1.5673750000000002,1.567355,1.5673750000000002,18.450000643730164
2026-01-07 22:44:00,1.5673650000000001,1.5673750000000002,1.5673650000000001,1.5673750000000002,22.950000643730164
2026-01-07 22:45:00,1.5673700000000002,1.5673750000000002,1.5673700000000002,1.5673700000000002,7.800000190734863
2026-01-07 22:46:00,1.5673750000000002,1.5673750000000002,1.5673650000000001,1.5673650000000001,22.200000524520874
2026-01-07 22:47:00,1.5673700000000002,1.5673700000000002,1.5673700000000002,1.5673700000000002,6.450000047683716
2026-01-07 22:48:00,1.5671700000000002,1.5671700000000002,1.5669300000000002,1.5669400000000002,15.840000092983246
2026-01-07 22:49:00,1.5669400000000002,1.567015,1.5669400000000002,1.567015,12.900000274181366
2026-01-07 22:50:00,1.5670100000000002,1.5670100000000002,1.5668900000000001,1.5668900000000001,15.390000462532043
2026-01-07 22:51:00,1.5668950000000001,1.56691,1.566875,1.566875,25.350000500679016
2026-01-07 22:52:00,1.56688,1.56688,1.5668650000000002,1.5668700000000002,10.680000305175781
2026-01-07 22:53:00,1.5668650000000002,1.5668650000000002,1.5668650000000002,1.5668650000000002,2.5200001001358032
2026-01-07 22:54:00,1.5668650000000002,1.5668650000000002,1.5668600000000001,1.5668650000000002,8.760000109672546
2026-01-07 22:55:00,1.5668600000000001,1.5668700000000002,1.5668600000000001,1.5668700000000002,31.05000078678131
2026-01-07 22:56:00,1.5668700000000002,1.5668700000000002,1.5668000000000002,1.566805,20.940000116825104
2026-01-07 22:57:00,1.5668700000000002,1.56688,1.5668700000000002,1.56688,17.40000033378601
2026-01-07 22:58:00,1.5669050000000002,1.56698,1.5669050000000002,1.5669050000000002,46.6500009894371
2026-01-07 22:59:00,1.5669050000000002,1.566915,1.566885,1.56691,30.600000619888306
2026-01-07 23:00:00,1.56692,1.56698,1.5667,1.5668000000000002,211.90000328421593
2026-01-07 23:01:00,1.5668100000000003,1.5668100000000003,1.5667900000000001,1.5667900000000001,13.65000033378601
2026-01-07 23:02:00,1.5667500000000003,1.56678,1.5667300000000002,1.5667300000000002,12.600000381469727
2026-01-07 23:03:00,1.5667400000000002,1.56676,1.5667400000000002,1.56676,4.800000190734863
2026-01-07 23:04:00,1.56677,1.56677,1.56677,1.56677,2.4000000953674316
2026-01-07 23:05:00,1.56678,1.5668100000000003,1.56678,1.56678,12.1500004529953
2026-01-07 23:07:00,1.566735,1.566735,1.5666800000000003,1.5666800000000003,7.800000190734863
2026-01-07 23:08:00,1.56671,1.56671,1.5666700000000002,1.5666700000000002,7.200000286102295
2026-01-07 23:09:00,1.56665,1.5666600000000002,1.56665,1.56665,7.200000286102295
2026-01-07 23:10:00,1.5666300000000002,1.56676,1.56663,1.5667500000000003,33.99000096321106
2026-01-07 23:11:00,1.56676,1.5667900000000001,1.5666250000000002,1.5667700000000002,167.1300014257431
2026-01-07 23:12:00,1.5667550000000001,1.5667750000000003,1.56675,1.5667650000000002,17.40000009536743
2026-01-07 23:13:00,1.5667550000000001,1.5667650000000002,1.5667550000000001,1.5667650000000002,22.890000224113464
2026-01-07 23:15:00,1.56676,1.5667950000000002,1.56676,1.56678,27.600000381469727
2026-01-07 23:16:00,1.56677,1.5667750000000003,1.56676,1.5667750000000003,12.990000367164612
2026-01-07 23:17:00,1.566785,1.5667950000000002,1.56677,1.56678,19.68000078201294
2026-01-07 23:18:00,1.5667750000000003,1.56678,1.5667650000000002,1.5667650000000002,19.80000066757202
2026-01-07 23:19:00,1.56677,1.56677,1.56675,1.56677,23.100000858306885
2026-01-07 23:20:00,1.566785,1.5667850000000003,1.56677,1.5667750000000003,42.18000054359436
2026-01-07 23:21:00,1.5667750000000003,1.566785,1.5667750000000003,1.56678,14.899999856948853
2026-01-07 23:22:00,1.56678,1.5667900000000001,1.566775,1.5667900000000001,22.40999984741211
2026-01-07 23:23:00,1.566795,1.566795,1.56678,1.5667850000000003,15.93000042438507
2026-01-07 23:24:00,1.566815,1.566945,1.566815,1.5669250000000001,34.19000041484833
2026-01-07 23:25:00,1.5669250000000001,1.566945,1.5669250000000001,1.5669250000000001,34.49000060558319
2026-01-07 23:26:00,1.5669300000000002,1.5669500000000003,1.56692,1.5669500000000003,35.55000054836273
2026-01-07 23:27:00,1.566945,1.56705,1.566945,1.5670450000000002,50.3100004196167
2026-01-07 23:28:00,1.56705,1.5670550000000003,1.56705,1.5670550000000003,30.53000032901764
2026-01-07 23:29:00,1.5670450000000002,1.5670550000000003,1.56704,1.5670450000000002,32.96000039577484
2026-01-07 23:30:00,1.5670450000000002,1.567285,1.5670350000000002,1.5672800000000002,220.70000314712524
2026-01-07 23:31:00,1.5672800000000002,1.5674300000000003,1.5672800000000002,1.567415,73.16000080108643
2026-01-07 23:32:00,1.5674100000000002,1.5674200000000003,1.5672300000000001,1.5672800000000002,63.4300012588501
2026-01-07 23:33:00,1.567215,1.5674700000000001,1.5671850000000003,1.5674700000000001,77.36000156402588
2026-01-07 23:34:00,1.5674900000000003,1.56751,1.5674900000000003,1.5675000000000001,15.690000414848328
2026-01-07 23:35:00,1.56751,1.5675400000000002,1.5674800000000002,1.56753,70.88000154495239
2026-01-07 23:36:00,1.56752,1.5675800000000002,1.56752,1.5675500000000002,59.32000112533569
2026-01-07 23:37:00,1.56753,1.5675600000000003,1.56751,1.5675600000000003,31.950000524520874
2026-01-07 23:38:00,1.567565,1.567565,1.56752,1.5675500000000002,47.68000090122223
2026-01-07 23:39:00,1.56753,1.5675400000000002,1.5673050000000002,1.5673050000000002,90.0500019788742
2026-01-07 23:40:00,1.5673000000000001,1.56739,1.5673000000000001,1.56739,47.90000116825104
2026-01-07 23:41:00,1.5673850000000003,1.5673850000000003,1.5672700000000002,1.5672800000000002,105.20000147819519
2026-01-07 23:42:00,1.5672800000000002,1.567325,1.5671950000000001,1.56726,145.94999969005585
2026-01-07 23:43:00,1.56725,1.56726,1.5671350000000002,1.5671650000000001,122.0600014925003
2026-01-07 23:44:00,1.567225,1.567285,1.567225,1.567275,73.63999998569489
2026-01-07 23:45:00,1.567295,1.5673050000000002,1.56726,1.56726,101.37999904155731
2026-01-07 23:46:00,1.5672650000000001,1.5672800000000002,1.56715,1.567275,109.59000098705292
2026-01-07 23:47:00,1.5672700000000002,1.567345,1.5672700000000002,1.5673250000000003,66.68000102043152
2026-01-07 23:48:00,1.56732,1.5673650000000001,1.567275,1.567285,67.83000087738037
2026-01-07 23:49:00,1.567275,1.5674200000000003,1.567275,1.567415,32.33000075817108
2026-01-07 23:50:00,1.567425,1.567545,1.567285,1.567285,123.30000162124634
2026-01-07 23:51:00,1.5672700000000002,1.5672700000000002,1.56724,1.5672550000000003,39.89000070095062
2026-01-07 23:52:00,1.5672550000000003,1.56729,1.5672550000000003,1.5672700000000002,33.66000032424927
2026-01-07 23:53:00,1.567255,1.5672750000000002,1.5672300000000001,1.5672300000000001,52.31999909877777
2026-01-07 23:54:00,1.567225,1.5673850000000003,1.567225,1.5673850000000003,61.25999987125397
2026-01-07 23:55:00,1.5674100000000002,1.5674450000000002,1.5673650000000001,1.567425,59.330000162124634
2026-01-07 23:56:00,1.567415,1.567425,1.5673850000000003,1.567415,22.21000039577484
2026-01-07 23:57:00,1.567425,1.567425,1.56739,1.567415,22.600000381469727
2026-01-07 23:58:00,1.5674200000000003,1.5674200000000003,1.567155,1.5671750000000002,92.37000000476837
2026-01-07 23:59:00,1.567205,1.567285,1.5669700000000002,1.5670050000000002,206.54000163078308
